"StartDate","EndDate","Duration (in seconds)","RecordedDate","UserLanguage","Q1_consent","Q2_lang-DE","Q3_lang_EN","Q4_gender","Q5_age","Q6_residence","Q7_household-size","Q8_household-income","Q9_drivers-license","Q11_car-purch-intent","Q12_EV-experience","Q12_EV-experience_8_TEXT","Q13_car-ownership","Q14_EV-use","Q14_EV-use_8_TEXT","Q15_mobility-usage","Q15_mobility-usage_9_TEXT","Q16_PT-subscr","Q16_PT-subscr_7_TEXT","Q18_PT-spend","Q19_PT-spend-t","Q21_car-spend","Q22_car-spend-t","Q24_EV-range-commute","Q25_EV-range-all","Q27_mob-subscr-inter","Q28_mob-subscr-WTP","Q30_mob-subscr1-PI","Q32_mob-subscr2-PI","Q34_mob-subscr3-PI","Q36_mob-subscr4-PI","Q38_mob-subscr5-PI","Q39_mob-subscr-rank_1","Q39_mob-subscr-rank_2","Q39_mob-subscr-rank_3","Q39_mob-subscr-rank_4","Q39_mob-subscr-rank_5","Q39_mob-subscr-rank_0","Q40_EV-adv","Q40_EV-adv_8_TEXT","Q41_EV-disadv","Q41_EV-disadv_9_TEXT","Q42_end-of-survey"
2019-05-27 17:04:14,2019-05-27 17:12:06,471,2019-05-27 17:12:06,"DE",1,0,NA,1,51,17,2,4,1,1,"2,6","-99","3","8","diesel/benzin","1,4,8","-99","0","-99",1,1,7,2,7,6,3,4,1,1,1,1,1,2,4,5,3,6,1,"5,6,7","-99","1,2,4","-99","gute, schnelle umfrage die sinn gemacht hat top"
2019-05-27 18:29:43,2019-05-27 18:38:28,525,2019-05-27 18:38:28,"FR",1,0,NA,1,25,23,4,8,1,1,"1,2,3,4,5,6","-99","2","1,4","-99","1,2,3,4,5,6,8","-99","1,8,3,4,5,6","-99",7,2,6,2,4,3,5,12,5,5,5,5,4,5,4,1,2,3,6,"1,3,4","-99","1,2,5","-99","C ést Trés Interesant"
2019-05-27 18:55:54,2019-05-27 19:06:51,656,2019-05-27 19:06:52,"DE",1,0,NA,0,43,1,3,9,1,1,"2,6","-99","1","6","-99","0","-99","1","-99",3,1,17,1,1,6,2,1,2,3,4,4,2,1,4,2,3,5,6,"1,3,4","-99","1,4,6","-99","-99"
2019-05-27 19:31:14,2019-05-27 19:38:34,439,2019-05-27 19:38:35,"DE",1,0,NA,0,55,25,2,8,1,1,"1,3","-99","1","4","-99","2,4,8","-99","1","-99",9,1,6,2,1,11,4,2,2,2,3,4,2,3,5,1,2,4,6,"2,4,6","-99","1,2,9","Batterie besteht auch als Seltenen Erden","-99"
2019-05-27 19:46:27,2019-05-27 19:51:53,326,2019-05-27 19:51:54,"EN-GB",1,0,NA,0,48,25,3,9,1,1,"1,2,6,7","-99","1","1","-99","2,3,4","-99","1","-99",1,2,1,2,2,8,3,1,1,4,5,4,4,6,2,1,4,3,5,"1,4,5","-99","3","-99","-99"
2019-05-27 21:13:17,2019-05-27 21:18:00,283,2019-05-27 21:18:01,"DE",1,0,NA,1,36,6,4,4,1,1,"1","-99","1","8","Diesel","1","-99","1,7","Libero",8,1,2,2,9,5,3,4,3,4,4,4,3,3,4,6,2,5,1,"1","-99","1,7","-99","removed: personal data"
2019-05-27 21:52:21,2019-05-27 21:56:16,235,2019-05-27 21:56:16,"FR",1,1,0,1,20,24,11,3,1,1,"2,5","-99","3","1,3,5,7","-99","1","-99","2","-99",3,1,11,1,7,11,2,4,4,2,3,3,3,1,2,3,4,6,5,"2","-99","2","-99","removed: personal data"
2019-05-27 22:00:40,2019-05-27 22:04:02,202,2019-05-27 22:04:03,"EN-GB",1,0,NA,1,29,25,3,3,1,1,"2,6","-99","1","2","-99","2,3,4","-99","1,8,3","-99",4,1,2,1,4,2,4,2,4,4,3,2,4,3,5,1,4,2,6,"3,4,5","-99","2,3,5","-99","-99"
2019-05-27 22:18:55,2019-05-27 22:25:35,399,2019-05-27 22:25:36,"EN-GB",1,1,0,1,31,5,2,3,1,1,"2","-99","0","0","-99","2,3,4","-99","1","-99",3,1,1,1,1,-1,3,1,2,3,4,4,5,2,5,4,3,1,6,"1,2,5","-99","2,6,8","-99","-99"
2019-05-27 23:14:24,2019-05-27 23:20:34,369,2019-05-27 23:20:35,"DE",1,0,NA,1,47,25,3,-2,1,1,"-1","-99","1","0","-99","9","kauf","1","-99",1,1,94,1,2,11,2,3,2,1,2,2,2,1,5,2,3,4,6,"6,7","-99","1,2,6","-99","-99"
2019-05-28 01:59:03,2019-05-28 02:04:00,297,2019-05-28 02:04:01,"DE",1,0,NA,0,33,25,2,2,1,1,"3","-99","1","2","-99","1,2,6","-99","1","-99",7,1,19,2,8,11,5,14,4,4,4,3,5,1,5,2,3,4,6,"3,4","-99","1,2,4","-99","-99"
2019-05-28 05:31:28,2019-05-28 05:34:54,206,2019-05-28 05:34:55,"EN-GB",1,0,NA,1,20,1,2,4,1,1,"1,2","-99","3","2,3,7","-99","1,2","-99","8","-99",1,2,1,1,3,5,3,2,3,3,2,3,4,1,2,3,4,5,6,"1,2,4","-99","1,2,3","-99","Good luck with the following"
2019-05-28 05:38:49,2019-05-28 05:42:56,247,2019-05-28 05:42:57,"FR",1,0,NA,1,32,25,3,6,1,1,"3,4","-99","2","2,3","-99","1,2,4,5,7","-99","8,4,5","-99",11,1,6,1,11,11,1,15,5,5,5,5,5,3,2,5,1,4,6,"3,5","-99","1,2,7","-99","Nicht"
2019-05-28 06:15:40,2019-05-28 06:24:36,536,2019-05-28 06:24:37,"DE",1,0,NA,1,51,4,4,4,1,1,"0","-99","2","0","-99","0","-99","0","-99",6,1,36,1,1,6,4,2,2,2,2,2,2,1,4,2,3,5,6,"2,3,6","-99","1,2,3","-99","gut wie immer"
2019-05-28 08:39:58,2019-05-28 08:44:41,282,2019-05-28 08:44:41,"DE",1,0,NA,1,35,16,4,4,1,1,"0","-99","1","0","-99","1,2,4","-99","0","-99",1,2,3,2,1,-1,5,1,2,2,2,2,2,5,4,1,3,2,6,"4,6,7","-99","1,3,4","-99","-99"
2019-05-28 08:40:41,2019-05-28 08:51:48,666,2019-05-28 08:51:48,"FR",1,1,0,0,54,8,2,2,1,1,"0","-99","1","0","-99","0","-99","3,7","-99",8,1,11,1,-1,-1,3,11,3,4,2,3,3,5,3,1,2,4,6,"1,2,6","-99","3,4,5","-99","interessant"
2019-05-28 10:47:04,2019-05-28 10:59:07,722,2019-05-28 10:59:07,"DE",1,0,NA,1,29,25,2,4,1,1,"2,6,7","-99","2","0","-99","1,2,4,7","-99","0","-99",11,1,20,1,4,10,4,5,2,3,4,4,3,5,3,1,4,2,6,"2,3,7","-99","1,6","-99","-99"
2019-05-28 10:55:13,2019-05-28 11:01:59,406,2019-05-28 11:02:00,"DE",1,0,NA,1,43,3,2,3,1,1,"0","-99","1","0","-99","2","-99","0","-99",1,2,2,1,2,8,3,2,1,1,2,1,2,1,3,2,4,5,6,"1,6","-99","4,6,7","-99","-99"
2019-05-28 11:19:09,2019-05-28 11:28:27,557,2019-05-28 11:28:28,"DE",1,0,NA,1,22,5,5,9,1,1,"3","-99","2","3","-99","1,4","-99","1","-99",5,1,26,1,2,2,5,4,5,5,5,4,5,2,1,3,5,4,6,"4,5,7","-99","1,6,7","-99","-99"
2019-05-28 12:50:14,2019-05-28 12:57:00,406,2019-05-28 12:57:01,"DE",1,0,NA,1,54,1,2,4,1,1,"3","-99","1","8","Benzin","2,3,8","-99","1","-99",9,1,2,2,8,10,5,1,1,1,5,-1,5,5,3,1,4,2,6,"1,2,4","-99","2,4,5","-99","Merci"
2019-05-28 13:24:36,2019-05-28 13:29:31,294,2019-05-28 13:29:32,"DE",1,0,NA,1,55,6,3,4,1,1,"8,0","-99","3","0","-99","1","-99","1","-99",2,2,6,1,1,1,5,1,5,5,5,4,4,1,2,3,4,5,6,"3","-99","2","-99","-99"
2019-05-30 18:30:51,2019-05-30 18:36:40,348,2019-05-30 18:36:40,"DE",1,0,NA,0,24,17,1,3,1,1,"0","-99","1","0","-99","2,4","-99","0","-99",1,1,3,2,3,4,1,2,1,1,1,1,1,3,5,2,4,6,1,"1,4,6","-99","1,6,8","-99","-99"
2019-05-30 18:30:45,2019-05-30 18:38:01,436,2019-05-30 18:38:02,"DE",1,0,NA,0,20,6,6,9,1,1,"0","-99","2","6,0","-99","4,7","-99","6","-99",13,1,1,2,-1,-1,3,1,2,4,5,3,2,3,2,1,4,5,6,"1,4,6","-99","1,2,6","-99","-99"
2019-05-30 18:27:23,2019-05-30 19:07:00,2376,2019-05-30 19:07:01,"EN-GB",1,1,0,0,36,13,3,3,1,1,"-1","-99","1","8","Essence","3","-99","0","-99",6,1,6,2,5,7,-1,1,-1,-1,-1,-1,2,2,5,6,4,3,1,"1,4","-99","1,2,3","-99","-99"
2019-05-30 18:33:33,2019-05-30 19:28:58,3324,2019-05-30 19:28:59,"FR",1,1,0,1,45,6,5,9,1,1,"4","-99","3","2,4,6,7","-99","1","-99","8,3,4,5","-99",111,1,12,2,11,11,5,10,4,5,4,4,5,1,3,2,5,4,6,"2,3,4","-99","4,5,6","-99","es war mir ein vergnugen ihre Fragen beantwortet zu haben"
2019-05-30 19:25:30,2019-05-30 19:30:04,273,2019-05-30 19:30:05,"FR",1,0,NA,1,54,6,3,8,1,1,"1,2,6","-99","1","2","-99","1","-99","1","-99",4,1,6,2,8,8,4,2,1,2,3,3,3,2,6,1,3,4,5,"4,6,7","-99","1,2,4","-99","-99"
2019-05-30 19:24:38,2019-05-30 19:31:27,408,2019-05-30 19:31:28,"FR",1,0,NA,1,46,23,4,6,1,1,"2","-99","1","0","-99","2,3","-99","1","-99",1,2,5,1,10,10,5,3,1,1,-1,1,2,4,3,5,2,6,1,"3,5,7","-99","1,2,6","-99","-99"
2019-05-30 19:29:13,2019-05-30 19:37:26,493,2019-05-30 19:37:27,"DE",1,0,NA,1,37,4,3,3,1,1,"7","-99","1","0","-99","2","-99","1","-99",23,1,3,1,1,2,3,3,2,2,2,3,-1,1,5,2,4,3,6,"1,3,4","-99","1,2,7","-99","-99"
2019-05-30 19:24:28,2019-05-30 19:38:43,854,2019-05-30 19:38:44,"DE",1,0,NA,1,31,4,2,4,1,1,"2,6","-99","1","2,6","-99","2","-99","7","U-Abo",1,2,10,1,1,5,4,4,4,4,4,3,5,4,5,1,2,3,6,"1,2,3","-99","1,2,6","-99","-99"
2019-05-30 19:35:42,2019-05-30 19:41:20,338,2019-05-30 19:41:21,"DE",1,0,NA,1,46,6,2,3,1,1,"6","-99","1","0","-99","2,4","-99","0","-99",3,1,14,1,-1,-1,3,2,3,3,3,3,4,1,3,2,4,5,6,"1,4,5","-99","2,6","-99","-99"
2019-05-30 19:53:06,2019-05-30 20:01:13,487,2019-05-30 20:01:14,"DE",1,0,NA,1,57,10,3,5,1,1,"0","-99","2","0","-99","2,4,8","-99","0","-99",1,1,21,1,2,11,4,6,4,3,3,2,2,2,5,1,3,4,6,"1,2,7","-99","1,2,6","-99","-99"
2019-05-30 20:28:09,2019-05-30 20:34:27,378,2019-05-30 20:34:28,"DE",1,0,NA,1,43,19,2,5,1,1,"1","-99","1","0","-99","5","-99","1","-99",4,2,5,2,-1,-1,4,3,4,4,4,4,2,2,3,1,4,5,6,"1,2,7","-99","1,2,6","-99","-99"
2019-05-30 20:31:06,2019-05-30 20:35:30,264,2019-05-30 20:35:31,"DE",1,0,NA,0,32,1,4,2,1,1,"1,2,5","-99","1","1","-99","1,2,3","-99","7","Passepartout",9,1,3,1,1,1,5,2,5,5,4,5,5,1,2,5,4,3,6,"1,2,3","-99","1,2","-99","-99"
2019-05-30 20:33:28,2019-05-30 20:37:25,236,2019-05-30 20:37:32,"DE",1,0,NA,1,43,5,3,3,1,1,"8,-1","-99","1","0","-99","1","-99","0","-99",2,1,14,1,1,1,4,6,4,4,4,4,4,1,2,3,4,5,6,"1,2,6","-99","2,6","-99","-99"
2019-05-30 20:35:18,2019-05-30 20:44:28,550,2019-05-30 20:44:30,"DE",1,0,NA,0,55,6,1,3,1,1,"6","-99","1","6","-99","1,2,3,9","BLA BLA Cars","6","-99",2,1,32,1,1,-1,5,2,4,4,4,3,1,2,3,1,4,5,6,"1,3,4","-99","1,2,6","-99","ich arbeite bei der Bahn und erhalte das GA zu einem reduzierten Preis, deshalb ist die Variante mit den TGK für OEV nicht relevant für mich."
2019-05-30 20:40:19,2019-05-30 20:46:14,355,2019-05-30 20:46:15,"DE",1,0,NA,1,46,16,1,4,1,1,"0","-99","1","0","-99","2,4","-99","-1","-99",1,2,1,1,-1,-1,1,1,1,1,1,1,2,1,2,3,6,4,5,"1,4","-99","2","-99","Keins"
2019-05-30 20:46:43,2019-05-30 20:54:31,468,2019-05-30 20:54:32,"DE",1,0,NA,0,27,6,4,8,1,1,"6","-99","1","0","-99","2,3,4,7,8","-99","1,3","-99",13,1,4,1,1,4,4,3,3,4,4,4,3,5,4,2,1,3,6,"1,3,4","-99","1,2,3","-99","-99"
2019-05-30 20:54:26,2019-05-30 21:02:39,493,2019-05-30 21:02:40,"DE",1,0,NA,1,47,19,4,5,1,1,"3","-99","1","2","-99","1,2","-99","1","-99",1,1,61,1,2,11,4,3,2,2,3,2,2,3,6,2,4,5,1,"4,5,7","-99","4,5,6","-99","-99"
2019-05-30 21:10:40,2019-05-30 21:14:15,215,2019-05-30 21:14:16,"DE",1,0,NA,0,21,19,4,6,1,1,"0","-99","1","0","-99","4,6,8","-99","6","-99",23,1,1,2,-1,-1,3,2,-1,3,3,3,-1,5,4,1,3,2,6,"1,3,4","-99","1,2,6","-99","-99"
2019-05-30 21:17:07,2019-05-30 21:20:56,229,2019-05-30 21:20:57,"DE",1,0,NA,0,36,19,1,4,1,1,"0","-99","1","0","-99","2","-99","6","-99",39,1,1,2,1,1,3,1,2,3,3,3,3,3,2,4,1,5,6,"1","-99","6","-99","-99"
2019-05-30 21:22:37,2019-05-30 21:33:12,635,2019-05-30 21:33:13,"FR",1,0,NA,2,30,7,4,6,1,1,"2","-99","2","2","-99","1,4,6","-99","6","-99",1,1,6,1,2,4,1,1,1,1,1,1,2,1,2,5,3,6,4,"1,3,4","-99","1,6","-99","-99"
2019-05-30 21:31:06,2019-05-30 21:36:59,352,2019-05-30 21:36:59,"FR",1,0,NA,1,42,7,4,4,1,1,"0","-99","2","6","-99","0","-99","0","-99",3,2,6,2,4,3,3,3,3,4,4,3,3,1,5,3,6,4,2,"5","-99","2,7","-99","Keine"
2019-05-30 21:45:18,2019-05-30 21:54:21,543,2019-05-30 21:54:22,"DE",1,0,NA,0,55,25,2,8,1,1,"1,3,4","-99","1","4","-99","2,4,8","-99","1","-99",1,2,8,2,1,8,2,7,2,3,1,1,3,1,2,3,5,4,6,"1,3,4","-99","2,3,7","-99","-99"
2019-05-30 21:57:28,2019-05-30 22:03:27,359,2019-05-30 22:03:28,"DE",1,0,NA,1,40,25,1,3,1,1,"8","Benzin und Diesel","1","8","Benzin","2,4","-99","1","-99",9,1,14,1,4,11,5,2,1,1,1,1,1,1,5,2,3,4,6,"6,7","-99","1,2,6","-99","-99"
2019-05-30 21:43:08,2019-05-30 22:04:42,1293,2019-05-30 22:04:42,"EN-GB",1,1,0,1,60,23,3,6,1,1,"1,4","-99","2","0","-99","2,4,8","-99","1","-99",3,1,6,1,1,10,4,2,1,1,1,1,1,2,1,3,4,5,6,"1,2,7","-99","1,2,4","-99","-99"
2019-05-30 22:00:12,2019-05-30 22:10:16,603,2019-05-30 22:10:18,"DE",1,0,NA,1,25,19,4,9,1,1,"1,2,4,6,7,8","-99","2","2,4,6","-99","1","-99","6","-99",11,1,30,2,8,8,2,1,4,1,3,3,3,1,3,2,4,5,6,"5,6,7","-99","3,6,8","-99","-99"
2019-05-30 22:09:15,2019-05-30 22:17:55,520,2019-05-30 22:17:56,"EN-GB",1,1,0,0,21,23,3,5,1,1,"0","-99","2","0","-99","1","-99","1","-99",1,1,2,2,8,11,-1,1,1,1,1,1,1,6,4,1,5,3,2,"1,2,5","-99","2,6,7","-99","-99"
2019-05-30 22:13:24,2019-05-30 22:20:27,422,2019-05-30 22:20:28,"DE",1,0,NA,0,52,12,1,1,1,1,"0","-99","1","0","-99","2,4","-99","0","-99",1,1,60,1,5,8,4,2,1,1,1,1,1,3,4,2,1,5,6,"1,4","-99","1,2,6","-99","-99"
2019-05-30 22:19:42,2019-05-30 22:27:08,446,2019-05-30 22:27:09,"DE",1,0,NA,0,45,21,4,3,1,1,"0","-99","2","0","-99","2,4,8","-99","0","-99",4,2,6,2,-1,-1,4,2,4,3,3,2,2,1,4,5,2,3,6,"1,4","-99","1,4","-99","-99"
2019-05-30 22:22:52,2019-05-30 22:28:40,348,2019-05-30 22:28:41,"DE",1,0,NA,0,53,1,2,2,1,1,"2","-99","1","2","-99","6","-99","1","-99",2,1,2,1,2,2,5,2,5,5,5,5,5,1,2,3,4,5,6,"1,2","-99","1,2,6","-99","War alles gut"
2019-05-30 22:31:09,2019-05-30 22:42:19,670,2019-05-30 22:42:19,"EN-GB",1,1,0,1,45,13,4,8,1,1,"2","-99","2","8","gasoil","1","-99","0","-99",1,1,1,1,5,-1,2,2,2,1,2,2,2,1,3,2,4,5,6,"4,5,6","-99","1,2,6","-99","-99"
2019-05-30 22:37:30,2019-05-30 22:44:09,399,2019-05-30 22:44:10,"DE",1,0,NA,0,51,25,1,3,1,1,"0","-99","1","0","-99","2,4,8","-99","1,7","Zu bonuspass",8,1,2,2,2,5,5,1,2,1,1,2,2,5,6,3,4,2,1,"1,3,6","-99","1,2,3","-99","-99"
2019-05-30 22:41:17,2019-05-30 22:50:26,548,2019-05-30 22:50:27,"DE",1,0,NA,1,49,18,1,2,1,1,"6","-99","1","0","-99","2,4","-99","1","-99",2,1,1,2,3,1,4,2,3,3,4,3,3,1,2,3,4,5,6,"1,2,3","-99","1,2,4","-99","-99"
2019-05-30 22:34:00,2019-05-30 22:52:00,1079,2019-05-30 22:52:01,"DE",1,0,NA,1,40,1,1,4,1,1,"0","-99","1","0","-99","1,2,3,4","-99","6","-99",49,1,3,2,2,5,4,7,3,3,4,3,3,1,6,2,3,5,4,"4","-99","4,5,6","-99","-99"
2019-05-30 22:45:31,2019-05-30 22:54:26,534,2019-05-30 22:54:27,"DE",1,0,NA,0,23,5,3,-1,1,1,"-1","-99","2","0","-99","2,4,8","-99","1","-99",2,1,1,1,1,3,4,2,3,3,3,4,2,5,2,3,1,6,4,"1,5,7","-99","2,3,9","Umweltverträglichkeit bei Herstellung","-99"
2019-05-30 22:42:05,2019-05-30 22:57:45,940,2019-05-30 22:57:46,"DE",1,0,NA,1,40,25,4,5,1,1,"5","-99","2","0","-99","2,4,6,8","-99","1","-99",1,1,30,1,2,10,4,4,-1,1,1,1,1,1,6,2,3,4,5,"6,7","-99","1,2,6","-99","-99"
2019-05-30 22:57:25,2019-05-30 23:09:42,737,2019-05-30 23:09:43,"DE",1,0,NA,1,52,21,2,-2,1,1,"1,3,6","-99","2","8","benzin und diesel","1,2,3,4,5,8","-99","1","-99",40,1,111,1,3,9,5,11,5,1,4,1,1,1,3,2,4,5,6,"5,7,8","reichweite","1,2,6","-99","-99"
2019-05-30 23:12:22,2019-05-30 23:17:36,314,2019-05-30 23:17:36,"DE",1,0,NA,0,46,7,3,3,1,1,"1,8","-99","1","2","-99","3,6","-99","1","-99",5,1,5,1,3,4,4,2,4,4,3,4,3,2,3,1,4,5,6,"3","-99","2,4","-99","nein"
2019-05-30 23:25:36,2019-05-30 23:33:33,476,2019-05-30 23:33:33,"DE",1,0,NA,0,44,4,2,3,1,1,"0","-99","2","0","-99","1,4,8","-99","7","U Abo",1,1,1,1,1,4,3,1,3,3,3,3,3,2,6,5,4,3,1,"1,5,7","-99","1,2,9","Entsorgung der Batterie","-99"
2019-05-30 23:18:17,2019-05-30 23:36:02,1065,2019-05-30 23:36:02,"DE",1,0,NA,1,38,25,4,4,1,1,"1,2,6,7","-99","2","0","-99","1,2,4","-99","6","-99",3,1,10,1,1,1,4,2,3,1,2,2,2,2,5,4,3,6,1,"1,3,6","-99","1,2,9","Die Kosten der Batterie nach ablauf der Garantie. Die Umwelt leidet unter der Herstellung der Batterien immer mehr, es ist auch eine Katastrophe gleich wie Co2 Ozon kaputt macht,ist die batterieherstellung schädlich für den boden","-99"
2019-05-30 23:34:53,2019-05-30 23:38:13,200,2019-05-30 23:38:15,"DE",1,0,NA,0,38,6,1,2,1,1,"1,6","-99","1","8","benzin","1,2,4","-99","0","-99",1,1,1,2,1,1,4,1,4,4,4,3,5,2,1,4,3,5,6,"2","-99","4","-99","-99"
2019-05-30 23:51:35,2019-05-30 23:58:56,440,2019-05-30 23:58:56,"DE",1,0,NA,1,29,25,3,4,1,1,"2","-99","1","0","-99","2,4","-99","0","-99",6,1,8,1,4,8,4,3,4,3,3,-1,4,1,5,2,3,4,6,"1,5,6","-99","1,4,6","-99","-99"
2019-05-30 23:52:05,2019-05-31 00:07:21,916,2019-05-31 00:07:22,"FR",1,0,NA,0,47,23,4,5,1,1,"2","-99","1","2","-99","1,3,4,8","-99","1,3","-99",2,1,96,1,1,4,5,5,2,3,4,3,4,5,4,1,3,2,6,"1,3,4","-99","1,3,4","-99","-99"
2019-05-31 00:43:34,2019-05-31 00:46:50,196,2019-05-31 00:46:51,"FR",1,0,NA,1,29,8,1,4,1,1,"7","-99","1","1","-99","1","-99","1","-99",4,1,2,2,3,2,4,1,3,3,3,4,2,2,1,4,5,3,6,"2","-99","1","-99","-99"
2019-05-31 00:41:55,2019-05-31 01:00:57,1142,2019-05-31 01:00:58,"DE",1,0,NA,0,35,25,4,3,1,1,"1","-99","1","0","-99","2,3,4","-99","4","-99",3,2,1,2,2,2,4,3,4,3,3,4,4,5,4,2,3,1,6,"1,2,5","-99","1,4,8","-99","-99"
2019-05-31 01:30:02,2019-05-31 01:37:28,446,2019-05-31 01:37:29,"DE",1,0,NA,1,37,25,4,3,1,1,"1","-99","1","7","-99","1,4,7","-99","1,3,4,5,6","-99",6,2,2,2,3,4,5,3,5,5,5,5,5,2,5,4,3,1,6,"1,4,6","-99","1,3,6","-99","-99"
2019-05-31 04:41:53,2019-05-31 04:49:09,435,2019-05-31 04:49:09,"DE",1,0,NA,1,47,7,4,3,1,1,"0","-99","2","0","-99","1,2,4,8","-99","0","-99",4,1,8,2,4,10,4,6,3,2,3,3,3,2,5,4,3,6,1,"1,3,4","-99","1,7","-99","-99"
2019-05-31 05:42:10,2019-05-31 05:50:14,483,2019-05-31 05:50:15,"DE",1,0,NA,0,55,6,2,4,1,1,"0","-99","1","0","-99","1,2,4","-99","0","-99",1,2,2,2,-1,-1,4,2,2,2,2,2,2,4,5,2,6,3,1,"1,2,5","-99","1,6,8","-99","-99"
2019-05-31 05:44:14,2019-05-31 05:52:00,465,2019-05-31 05:52:01,"DE",1,0,NA,1,52,2,1,4,1,1,"2","-99","1","0","-99","0","-99","0","-99",1,1,3,2,2,4,-1,3,2,1,2,2,2,1,2,3,4,6,5,"2,5,6","-99","1,2,4","-99","Sehr gute Umfrage"
2019-05-31 06:19:06,2019-05-31 06:26:42,456,2019-05-31 06:26:43,"DE",1,0,NA,0,48,12,3,3,1,1,"1","-99","1","0","-99","2,4","-99","0","-99",1,2,30,1,1,1,4,1,2,2,3,2,2,1,4,2,5,3,6,"1,6,7","-99","1,3,6","-99","-99"
2019-05-31 06:32:37,2019-05-31 06:39:03,385,2019-05-31 06:39:04,"DE",1,0,NA,1,41,7,4,6,1,1,"0","-99","2","8","Benzin","1,2","-99","0","-99",1,1,55,1,-1,-1,4,4,4,2,2,2,2,1,4,2,5,6,3,"4,5,7","-99","9","Preis","-99"
2019-05-31 06:31:29,2019-05-31 06:51:56,1226,2019-05-31 06:51:57,"FR",1,0,NA,1,46,7,1,3,1,1,"6","-99","1","6","-99","0","-99","0","-99",1,1,40,1,2,10,4,4,1,1,1,1,1,2,6,3,4,5,1,"1,4,7","-99","1,6,8","-99","-99"
2019-05-31 06:48:13,2019-05-31 06:52:35,261,2019-05-31 06:52:36,"FR",1,0,NA,0,29,8,4,9,1,1,"1","-99","1","1","-99","2","-99","8","-99",5,2,7,2,6,4,4,4,4,1,3,5,5,1,2,3,4,5,6,"4","-99","6","-99","-99"
2019-05-31 06:42:13,2019-05-31 06:52:38,625,2019-05-31 06:52:39,"FR",1,0,NA,1,38,7,3,5,1,1,"2","-99","2","8","Diesel","2","-99","0","-99",2,2,2,2,2,11,4,4,2,2,2,2,2,2,6,3,5,4,1,"2,3,4","-99","1,4,6","-99","-99"
2019-05-31 07:02:01,2019-05-31 07:08:52,410,2019-05-31 07:08:53,"DE",1,0,NA,1,57,12,2,4,1,1,"1","-99","1","6","-99","4","-99","1","-99",5,1,11,1,6,7,5,3,4,4,4,3,4,1,4,2,5,3,6,"1,2,4","-99","1,5,6","-99","-99"
2019-05-31 07:04:19,2019-05-31 07:13:03,523,2019-05-31 07:13:03,"DE",1,0,NA,1,27,25,3,4,1,1,"1,2","-99","1","0","-99","2,4,8","-99","4","-99",13,1,13,1,2,4,4,1,1,1,1,1,1,2,6,3,5,4,1,"1,3,7","-99","3,4,6","-99","-99"
2019-05-31 07:34:32,2019-05-31 07:44:22,589,2019-05-31 07:44:23,"DE",1,0,NA,0,51,25,1,2,1,1,"0","-99","0","0","-99","2,3,4","-99","1","-99",1,2,1,1,3,3,4,2,2,2,3,3,3,5,4,2,3,1,6,"1,2,4","-99","1,6,7","-99","-99"
2019-05-31 07:46:52,2019-05-31 07:50:48,236,2019-05-31 07:50:49,"FR",1,1,0,1,41,8,2,-2,1,1,"-1","-99","2","3,0","-99","3,8","-99","6","-99",91,2,32,2,4,-1,2,15,3,3,2,5,5,5,6,4,1,2,3,"3","-99","2","-99","-99"
2019-05-31 07:53:42,2019-05-31 07:58:46,303,2019-05-31 07:58:46,"DE",1,0,NA,1,45,6,2,3,1,1,"8","Camper","2","6","-99","3,8","-99","1","-99",2,2,1,2,2,2,4,2,3,3,3,3,3,1,4,6,2,3,5,"5","-99","8","-99","-99"
2019-05-31 07:37:51,2019-05-31 08:05:02,1630,2019-05-31 08:05:03,"FR",1,0,NA,1,35,23,1,4,1,1,"7","-99","1","7","-99","0","-99","0","-99",9,1,5,2,4,11,4,3,2,2,2,2,2,1,6,3,4,5,2,"3,4,6","-99","1,6,8","-99","-99"
2019-05-31 08:00:40,2019-05-31 08:16:23,943,2019-05-31 08:16:24,"DE",1,0,NA,0,57,6,2,2,1,1,"3","-99","1","0","-99","3","-99","0","-99",1,1,3,1,2,1,1,1,1,1,1,1,1,1,2,3,4,5,6,"2,3,4","-99","1,6,7","-99","-99"
2019-05-31 08:32:55,2019-05-31 08:43:21,625,2019-05-31 08:43:21,"DE",1,0,NA,1,46,12,5,7,1,1,"1,3,7","-99","1","0","-99","1,2,4,6","-99","0","-99",1,1,30,1,-1,-1,1,4,2,2,2,2,2,2,4,3,5,6,1,"1,3","-99","1,4,6","-99","-99"
2019-05-31 08:41:41,2019-05-31 08:46:29,287,2019-05-31 08:46:29,"DE",1,0,NA,0,30,9,1,4,1,1,"6","-99","1","0","-99","4","-99","6","-99",46,1,51,1,3,11,3,4,2,2,2,2,2,1,5,2,4,6,3,"4,6,7","-99","3,6,9","Elektroautos sind nicht so ""grün"" wie man meint","-99"
2019-05-31 08:41:29,2019-05-31 08:47:45,375,2019-05-31 08:47:46,"IT",1,1,0,1,46,8,2,2,1,1,"1","-99","2","8","diesel","8","-99","0","-99",10,1,11,1,1,11,4,5,2,3,1,4,3,4,1,2,3,5,6,"4","-99","4,6","-99","-99"
2019-05-31 08:29:40,2019-05-31 08:49:52,1212,2019-05-31 08:49:53,"FR",1,1,0,1,59,11,4,5,1,1,"1","-99","4","1","-99","1,4,8","-99","1,2,4","-99",10,1,110,1,7,9,4,10,4,1,4,1,1,3,2,1,5,6,4,"1,5,7","-99","1,3,8","-99","-99"
2019-05-31 08:54:53,2019-05-31 09:03:19,506,2019-05-31 09:03:20,"DE",1,0,NA,0,64,19,2,5,1,1,"7","-99","1","6","-99","2,4,8","-99","1","-99",4,1,24,1,6,8,4,5,4,3,3,2,2,1,3,2,5,4,6,"4,5,6","-99","1,6,8","-99","-99"
2019-05-31 09:08:55,2019-05-31 09:26:59,1084,2019-05-31 09:27:00,"FR",1,1,0,1,30,23,2,4,1,1,"3","-99","2","3,8","-99","1,5","-99","3,5","-99",10,1,9,1,8,6,4,8,4,4,4,2,2,4,1,5,2,6,3,"2,6","-99","4,7","-99","-99"
2019-05-31 09:41:13,2019-05-31 09:51:38,625,2019-05-31 09:51:39,"DE",1,0,NA,1,65,6,1,6,1,1,"2","-99","1","0","-99","2,4","-99","1","-99",2,2,13,1,1,2,4,4,1,2,1,3,3,6,4,5,3,2,1,"1,3,4","-99","3,4,5","-99","-99"
2019-05-31 09:39:42,2019-05-31 09:52:45,782,2019-05-31 09:52:45,"DE",1,0,NA,0,36,5,1,4,1,1,"3","-99","1","8","Benzin","1,2,3,4,8","-99","1,4","-99",3,1,1,2,1,8,4,2,2,3,4,4,2,3,6,2,1,5,4,"1","-99","1,2,4","-99","-99"
2019-05-31 10:01:10,2019-05-31 10:06:32,321,2019-05-31 10:06:33,"FR",1,0,NA,1,21,24,4,9,1,1,"0","-99","2","0","-99","8","-99","1","-99",7,1,1,2,3,6,4,1,4,4,3,3,4,3,4,2,1,5,6,"2,4,6","-99","2,4,6","-99","-99"
2019-05-31 10:06:42,2019-05-31 10:12:47,365,2019-05-31 10:12:48,"DE",1,0,NA,0,19,18,4,-2,1,1,"0","-99","1","0","-99","4","-99","1","-99",6,1,111,1,-1,-1,1,1,1,1,1,1,1,6,5,2,4,3,1,"2,6,7","-99","1,2,3","-99","-99"
2019-05-31 10:04:51,2019-05-31 10:20:46,955,2019-05-31 10:20:47,"EN-GB",1,1,0,1,21,7,3,6,1,1,"6","-99","3","6","-99","2,4","-99","0","-99",1,1,1,1,2,11,3,3,1,3,3,2,4,6,5,3,4,2,1,"1","-99","6,7","-99","-99"
2019-05-31 10:13:04,2019-05-31 10:21:14,490,2019-05-31 10:21:15,"DE",1,0,NA,0,58,25,1,9,1,1,"-1","-99","1","8","Volvo V70","3","-99","6","-99",38,1,2,2,8,-1,-1,2,-1,-1,-1,-1,3,5,3,1,4,2,6,"1,4,7","-99","1,3,6","-99","-99"
2019-05-31 10:18:41,2019-05-31 10:21:25,164,2019-05-31 10:21:26,"DE",1,0,NA,1,45,14,1,5,1,1,"1","-99","1","1","-99","3","-99","6","-99",8,1,6,1,5,5,4,2,4,3,3,4,2,1,3,2,4,5,6,"2,4","-99","2","-99","-99"
2019-05-31 10:19:30,2019-05-31 10:24:43,313,2019-05-31 10:24:44,"DE",1,0,NA,0,44,25,2,3,1,1,"8","Benzingetriebenes Auto","0","8","Fahrrad","2,4","-99","1,4,7","9i Pass",9,1,1,1,5,6,4,3,1,2,2,2,2,6,5,2,3,4,1,"4,5,7","-99","2,3,6","-99","-99"
2019-05-31 10:22:58,2019-05-31 10:26:03,184,2019-05-31 10:26:04,"DE",1,5,0,1,33,21,2,6,1,1,"1","-99","2","8","-99","1,4","-99","1","-99",2,2,2,2,1,8,4,2,4,4,4,3,5,6,2,5,1,4,3,"1,2","-99","1,2","-99","-99"
2019-05-31 11:10:38,2019-05-31 11:14:44,245,2019-05-31 11:14:46,"DE",1,0,NA,1,47,4,4,3,1,1,"6","-99","1","6","-99","2,3","-99","1","-99",5,2,6,2,3,6,4,3,1,1,1,3,3,1,3,2,4,5,6,"2,3,4","-99","1,3,6","-99","-99"
2019-05-31 11:09:43,2019-05-31 11:22:34,770,2019-05-31 11:22:35,"DE",1,0,NA,1,28,1,2,5,1,1,"2","-99","2","0","-99","2,4,6,8","-99","1","-99",10,2,25,1,-1,-1,4,3,4,3,4,4,3,1,5,2,4,3,6,"2,6,7","-99","1,2,8","-99","-99"
2019-05-31 11:21:50,2019-05-31 11:28:06,376,2019-05-31 11:28:07,"EN-GB",1,0,NA,1,33,25,3,5,1,1,"1,6","-99","2","6","-99","8","-99","3","-99",5,1,7,2,3,4,4,3,4,4,5,5,5,5,4,1,3,2,6,"1,2,3","-99","1,2","-99","good"
2019-05-31 11:20:41,2019-05-31 11:31:01,620,2019-05-31 11:31:02,"FR",1,0,NA,0,21,7,5,1,1,1,"6","-99","4","6","-99","1","-99","1","-99",1,2,1,2,2,1,4,1,4,4,4,3,4,3,2,1,4,6,5,"2,4,5","-99","2,6","-99","Tres interessant"
2019-05-31 11:26:17,2019-05-31 11:33:42,444,2019-05-31 11:33:43,"DE",1,0,NA,1,34,25,2,6,1,1,"4","-99","1","0","-99","2,4,8","-99","0","-99",1,1,20,1,8,8,1,1,1,1,1,1,1,2,6,3,4,5,1,"6,7","-99","1,2,7","-99","-99"
2019-05-31 11:47:56,2019-05-31 11:52:09,252,2019-05-31 11:52:10,"FR",1,1,0,0,45,8,2,4,1,1,"4","-99","1","4","-99","4","-99","6","-99",12,1,8,1,5,4,5,11,5,5,1,3,4,1,2,5,3,4,6,"3","-99","5","-99","nein"
2019-05-31 11:47:05,2019-05-31 11:52:20,314,2019-05-31 11:52:22,"IT",1,0,NA,0,48,25,2,3,1,1,"2","-99","3","2","-99","1","-99","1","-99",1,2,2,2,1,1,5,1,5,5,5,5,3,1,2,3,4,5,6,"1,3,4","-99","1,5,7","-99","Nein , Danke"
2019-05-31 11:40:45,2019-05-31 11:57:47,1021,2019-05-31 11:57:47,"FR",1,0,NA,1,52,23,3,6,1,1,"3","-99","2","0","-99","2","-99","0","-99",1,1,5,2,11,11,1,1,1,1,1,1,1,2,5,3,4,6,1,"2,5,7","-99","1,2,6","-99","-99"
2019-05-31 11:54:11,2019-05-31 11:58:41,269,2019-05-31 11:58:41,"DE",1,0,NA,0,29,1,2,-2,1,1,"6","-99","2","0","-99","4","-99","1","-99",2,1,34,1,-1,-1,1,3,1,2,3,1,1,2,3,4,6,5,1,"6,7","-99","1,4,5","-99","-99"
2019-05-31 11:58:49,2019-05-31 12:07:13,503,2019-05-31 12:07:14,"DE",1,0,NA,1,58,25,3,-2,1,1,"1","-99","1","8","Diesel Auto","2,4","-99","3","-99",11,1,21,1,2,11,5,3,4,2,2,2,2,2,3,5,4,1,6,"3,4,6","-99","1,2,7","-99","-99"
2019-05-31 12:02:12,2019-05-31 12:11:19,546,2019-05-31 12:11:19,"DE",1,0,NA,0,42,6,2,5,1,1,"6","-99","3","0","-99","0","-99","1","-99",3,1,3,2,4,2,1,2,1,1,1,1,2,2,5,4,3,6,1,"1,4,6","-99","2,6","-99","-99"
2019-05-31 12:13:37,2019-05-31 12:24:00,623,2019-05-31 12:24:01,"DE",1,0,NA,1,37,25,1,7,1,1,"1,2,7","-99","1","7","-99","1,2,3,4,6","-99","1","-99",51,1,7,2,4,11,5,3,2,3,3,4,4,1,4,3,2,5,6,"3,6,7","-99","2,3,6","-99","-99"
2019-05-31 12:30:17,2019-05-31 12:35:10,293,2019-05-31 12:35:11,"DE",1,0,NA,1,39,12,3,6,1,1,"2,6,7","-99","2","1","-99","1,2,3,8","-99","1","-99",5,1,31,1,4,6,4,4,3,2,4,3,2,2,4,1,3,5,6,"3,4,5","-99","2,4,7","-99","Alles bestens."
2019-05-31 12:42:55,2019-05-31 12:48:46,350,2019-05-31 12:48:47,"DE",1,0,NA,1,26,25,2,6,1,1,"0","-99","2","0","-99","8","-99","0","-99",1,1,13,1,1,6,5,5,5,4,5,4,4,1,4,2,3,5,6,"1,7","-99","1,2,6","-99","-99"
2019-05-31 12:39:00,2019-05-31 12:50:46,705,2019-05-31 12:50:47,"FR",1,5,0,1,52,7,1,3,1,1,"2","-99","1","2","-99","0","-99","7","halb tarif",2,1,2,2,1,10,3,1,3,3,3,2,3,1,4,3,5,6,2,"2,4","-99","1,2,3","-99","Für mich, das ist besser  Wasserstoff entwickeln als Elektroautos mit Batterie"
2019-05-31 12:53:51,2019-05-31 12:57:11,199,2019-05-31 12:57:12,"DE",1,0,NA,1,32,1,3,5,1,1,"1","-99","1","1","-99","2,4,8","-99","1","-99",4,1,31,1,10,9,1,2,3,3,2,1,1,1,2,3,4,5,6,"1,5,6","-99","1,2,4","-99","-99"
2019-05-31 12:49:40,2019-05-31 13:01:39,719,2019-05-31 13:01:40,"DE",1,0,NA,0,38,12,3,3,1,1,"0","-99","1","0","-99","2,4","-99","0","-99",1,2,2,2,3,10,5,2,2,1,1,2,3,3,6,5,4,2,1,"2","-99","1,2,3","-99","-99"
2019-05-31 12:57:12,2019-05-31 13:03:52,400,2019-05-31 13:03:52,"DE",1,0,NA,1,48,19,3,3,1,1,"1,3,5,6","-99","2","3,6","-99","2,3,4,6,7,8","-99","1","-99",11,1,15,1,2,3,5,2,4,4,4,4,3,5,3,4,1,2,6,"1,2,5","-99","1,2,6","-99","-99"
2019-05-31 13:01:53,2019-05-31 13:10:57,543,2019-05-31 13:10:58,"DE",1,0,NA,1,52,25,1,5,1,1,"1","-99","1","0","-99","2,4,8","-99","1","-99",1,2,35,1,1,10,1,1,1,1,1,1,1,3,6,2,5,4,1,"6,7","-99","1,2,6","-99","-99"
2019-05-31 13:16:13,2019-05-31 13:19:58,224,2019-05-31 13:19:59,"FR",1,1,0,0,38,8,2,9,1,1,"0","-99","1","0","-99","4","-99","6","-99",9,1,7,1,7,7,4,10,3,3,3,3,3,2,5,4,3,1,6,"4","-99","4","-99","-99"
2019-05-31 13:13:26,2019-05-31 13:28:21,894,2019-05-31 13:28:21,"DE",1,0,NA,1,63,19,4,8,1,1,"6","-99","2","0","-99","2,3,4","-99","1,2","-99",3,1,41,1,8,2,5,4,4,2,2,2,2,1,5,2,3,4,6,"4,6,7","-99","1,2,6","-99","-99"
2019-05-31 13:28:04,2019-05-31 13:36:14,489,2019-05-31 13:36:14,"DE",1,0,NA,1,28,25,2,6,1,1,"0","-99","3","0","-99","4","-99","0","-99",1,1,46,1,4,11,4,6,3,1,1,2,1,1,6,3,4,5,2,"6,7","-99","1,2,6","-99","-99"
2019-05-31 13:22:01,2019-05-31 13:39:13,1031,2019-05-31 13:39:14,"FR",1,1,0,0,29,8,2,4,1,1,"2","-99","1","0","-99","4","-99","0","-99",10,1,8,2,1,1,4,1,3,1,1,1,1,2,1,4,3,5,6,"1","-99","3,6","-99","Ich habe kein Kommentar zu machen danke"
2019-05-31 13:28:48,2019-05-31 13:40:49,720,2019-05-31 13:40:49,"DE",1,0,NA,0,45,1,4,6,1,1,"0","-99","1","0","-99","1","-99","1","-99",6,1,12,1,-1,-1,3,1,3,3,3,3,3,1,4,2,5,3,6,"1,5,6","-99","1,4,6","-99","-99"
2019-05-31 13:37:46,2019-05-31 13:47:57,610,2019-05-31 13:47:58,"DE",1,0,NA,0,58,23,5,5,1,1,"0","-99","3","0","-99","1,4","-99","0","-99",2,2,10,2,6,1,4,2,2,1,1,1,1,1,3,2,4,5,6,"2,6,7","-99","1,2,6","-99","-99"
2019-05-31 13:55:16,2019-05-31 14:00:52,336,2019-05-31 14:00:53,"FR",1,1,0,1,54,18,2,3,1,1,"0","-99","0","0","-99","3","-99","6","-99",4,2,3,1,-1,-1,3,2,-1,-1,-1,-1,-1,1,3,2,4,5,6,"4,6,7","-99","2,6,7","-99","einbisschen zu spezifisch"
2019-05-31 13:56:11,2019-05-31 14:07:27,676,2019-05-31 14:07:29,"DE",1,0,NA,1,55,25,2,7,1,1,"1,2,6","-99","2","2","-99","2,4","-99","0","-99",1,1,81,1,5,11,1,2,1,1,1,1,1,2,5,3,4,6,1,"6,7","-99","1,2,3","-99","-99"
2019-05-31 14:13:34,2019-05-31 14:20:17,403,2019-05-31 14:20:18,"DE",1,0,NA,1,34,1,1,4,1,1,"-1","-99","1","0","-99","1,4","-99","1,5","-99",28,1,23,1,2,-1,1,1,1,1,1,1,1,2,4,3,5,6,1,"6","-99","1,2","-99","-99"
2019-05-31 14:50:01,2019-05-31 14:53:57,235,2019-05-31 14:53:58,"DE",1,0,NA,1,23,25,1,3,1,1,"1,2","-99","1","1","-99","1","-99","0","-99",1,1,8,2,2,4,5,7,1,1,5,1,1,2,6,1,5,4,3,"1,2,5","-99","1,2,3","-99","-99"
2019-05-31 15:03:46,2019-05-31 15:17:50,843,2019-05-31 15:17:51,"EN-GB",1,1,0,1,30,8,1,4,1,1,"0","-99","0","0","-99","2,4,8","-99","0","-99",1,1,1,1,1,-1,2,2,2,2,3,2,2,6,5,2,4,3,1,"2,5,7","-99","4,6,7","-99","I like the idea of an electric car but I think it is still too early for me to buy one. Companies must work faster on educating people about it so that is can interest more and more people, also the infrastructure needs to follow as fast."
2019-05-31 15:22:57,2019-05-31 15:28:04,307,2019-05-31 15:28:05,"FR",1,1,0,1,44,8,4,6,1,1,"2","-99","2","3,6","-99","1,4","-99","1","-99",9,1,4,1,7,7,4,6,4,4,3,3,3,1,3,2,4,5,6,"4","-99","3","-99","Keine Kommentare"
2019-05-31 15:22:52,2019-05-31 15:28:55,363,2019-05-31 15:28:56,"DE",1,0,NA,1,40,25,4,5,1,1,"5,6","-99","2","0","-99","2,4,8","-99","1","-99",1,1,36,1,6,11,-1,5,2,1,1,1,1,2,6,3,4,5,1,"6,7","-99","1,2,6","-99","-99"
2019-05-31 15:41:29,2019-05-31 15:48:46,437,2019-05-31 15:48:47,"DE",1,0,NA,1,37,26,1,5,1,1,"1,2","-99","1","1,2","-99","2,4,8","-99","0","-99",1,1,15,1,2,11,4,1,1,1,1,1,1,6,3,5,4,2,1,"2,4,5","-99","6,8","-99","800 pro Monat sind viel zu viel"
2019-05-31 15:53:41,2019-05-31 16:00:40,419,2019-05-31 16:00:41,"DE",1,0,NA,1,31,25,2,6,1,1,"0","-99","2","8","-99","1,2,4","-99","0","-99",2,1,35,1,1,2,4,1,4,4,4,5,4,1,3,2,4,5,6,"2,5,6","-99","2,4,5","-99","-99"
2019-05-31 16:58:45,2019-05-31 17:02:51,245,2019-05-31 17:02:51,"EN-GB",1,0,NA,1,25,25,3,3,1,1,"6","-99","2","6","-99","8","-99","3","-99",4,1,5,2,3,4,5,4,5,5,5,5,5,5,4,1,3,2,6,"1,2,3","-99","1,2","-99","Good"
2019-05-31 17:25:48,2019-05-31 17:29:33,225,2019-05-31 17:29:34,"DE",1,0,NA,1,43,1,1,5,1,1,"1","-99","2","1","-99","1","-99","1,4","-99",4,1,7,2,2,10,5,10,3,4,5,5,4,1,4,3,2,5,6,"3","-99","1","-99","-99"
2019-05-31 17:50:37,2019-05-31 18:04:43,846,2019-05-31 18:04:44,"FR",1,0,NA,0,71,6,2,4,1,1,"0","-99","1","8","Benzin-auto","2","-99","0","-99",1,2,7,2,1,-1,4,5,3,2,3,3,2,4,2,3,5,6,1,"1,3","-99","1,4,7","-99","-99"
2019-05-31 17:58:25,2019-05-31 18:06:43,497,2019-05-31 18:06:44,"FR",1,0,NA,1,61,23,2,3,1,1,"0","-99","2","0","-99","1,2,8","-99","0","-99",2,1,10,2,2,7,2,1,-1,2,2,2,2,1,3,2,5,4,6,"2,4,6","-99","3,4,8","-99","-99"
2019-05-31 17:22:58,2019-05-31 18:09:27,2789,2019-05-31 18:09:28,"FR",1,0,NA,1,45,23,3,-2,1,1,"3","-99","1","0","-99","1","-99","1","-99",22,2,5,2,2,6,3,7,3,3,3,-1,-1,1,3,4,5,2,6,"3,4","-99","5,6","-99","removed: personal data"
2019-05-31 18:15:25,2019-05-31 18:20:08,282,2019-05-31 18:20:08,"EN-GB",1,0,NA,0,34,25,2,2,1,1,"1,5,7","-99","1","7","-99","1,4,6,7,8","-99","6","-99",2,2,3,2,4,5,4,3,3,4,4,5,5,2,1,3,4,5,6,"1,2,6","-99","3","-99","super"
2019-05-31 18:32:38,2019-05-31 18:35:21,163,2019-05-31 18:35:22,"FR",1,1,0,0,35,6,3,5,1,1,"0","-99","2","5","-99","5","-99","8,3","-99",3,1,4,2,3,5,3,3,2,3,4,5,1,3,5,6,2,1,4,"4","-99","2","-99","-99"
2019-05-31 18:38:46,2019-05-31 18:41:44,178,2019-05-31 18:41:45,"DE",1,0,NA,0,28,1,2,9,1,1,"1,3,5,7","-99","2","1,2","-99","2,3,4,8","-99","1,3,5","-99",1,2,2,2,1,1,3,2,4,4,3,4,4,1,3,2,4,5,6,"1,3,5","-99","2,4,5","-99","-99"
2019-05-31 19:04:34,2019-05-31 19:08:52,258,2019-05-31 19:08:54,"DE",1,0,NA,1,30,19,3,3,1,1,"1,3","-99","3","3,8","-99","2,4,7","-99","1","-99",2,1,4,1,4,4,5,3,2,2,4,3,2,2,4,1,3,5,6,"1,2","-99","1,2,3","-99","-99"
2019-05-31 19:54:56,2019-05-31 19:59:02,245,2019-05-31 19:59:03,"DE",1,0,NA,0,19,26,3,3,1,1,"0","-99","1","0","-99","1,4","-99","1","-99",5,1,3,2,1,6,4,7,3,3,3,4,3,1,3,2,4,5,6,"1,5","-99","1,2,4","-99","-99"
2019-05-31 19:56:45,2019-05-31 20:00:43,238,2019-05-31 20:00:44,"DE",1,0,NA,0,26,6,2,4,1,1,"6","-99","1","6","-99","2,4","-99","6","-99",34,1,3,2,3,4,4,3,3,3,4,4,4,4,5,3,2,1,6,"1,4,7","-99","1,2,4","-99","-99"
2019-05-31 20:04:32,2019-05-31 20:10:23,350,2019-05-31 20:10:24,"DE",1,0,NA,0,34,17,2,5,1,1,"0","-99","1","0","-99","2","-99","0","-99",3,1,21,1,5,6,3,1,3,1,1,1,1,2,3,4,5,6,1,"2,3,5","-99","1,2,4","-99","-99"
2019-05-31 20:25:46,2019-05-31 20:29:27,220,2019-05-31 20:29:27,"FR",1,1,0,2,36,8,1,-2,1,1,"1","-99","1","1","-99","1","-99","-1","-99",1,1,1,1,11,11,4,1,4,4,5,4,4,4,1,6,5,2,3,"4","-99","6","-99","-99"
2019-05-31 20:53:26,2019-05-31 21:00:46,439,2019-05-31 21:00:47,"EN-GB",1,1,0,0,26,8,1,1,1,1,"0","-99","1","0","-99","2,3,4,8","-99","0","-99",1,2,11,1,2,4,5,5,4,4,5,3,2,1,3,2,4,5,6,"1,2,3","-99","1,2,3","-99","-99"
2019-05-31 21:00:48,2019-05-31 21:14:43,835,2019-05-31 21:14:45,"DE",1,0,NA,0,40,6,3,4,1,1,"1,3,6","-99","3","0","-99","2,3,4","-99","6","-99",36,1,4,1,5,9,4,4,4,3,3,3,2,1,2,3,4,5,6,"3,4,6","-99","1,3,5","-99","-99"
2019-05-31 21:32:25,2019-05-31 21:37:20,294,2019-05-31 21:37:21,"DE",1,0,NA,1,22,1,3,8,1,1,"0","-99","2","0","-99","0","-99","6","-99",22,1,5,1,1,6,3,3,2,-1,-1,-1,-1,5,4,2,3,1,6,"1,4,5","-99","1,2,3","-99","-99"
2019-05-31 21:33:56,2019-05-31 21:40:35,398,2019-05-31 21:40:36,"FR",1,1,0,1,19,23,2,5,1,1,"7","-99","1","7","-99","0","-99","8","-99",6,1,4,2,3,3,3,5,3,3,3,3,2,4,2,3,5,6,1,"2","-99","4","-99","nicht."
2019-05-31 21:40:14,2019-05-31 21:46:44,389,2019-05-31 21:46:45,"DE",1,0,NA,0,53,6,1,2,1,1,"6","-99","1","6","-99","2,4,7","-99","0","-99",1,2,7,1,1,6,4,1,1,1,1,1,1,2,4,5,3,6,1,"1,3,4","-99","1,3,6","-99","800 fr. pro monat für ein abo sind viel zu hoch"
2019-05-31 22:29:39,2019-05-31 22:34:08,268,2019-05-31 22:34:09,"FR",1,1,0,1,47,8,1,1,1,1,"8","elektro trotinette","1","8","elektro trotînette","6","-99","6","-99",1,1,2,2,2,2,4,3,3,4,3,4,3,1,4,2,3,5,6,"5","-99","4","-99","removed: personal data"
2019-05-31 22:32:17,2019-05-31 22:38:10,352,2019-05-31 22:38:11,"FR",1,0,NA,1,55,7,2,7,1,1,"2","-99","1","2","-99","6","-99","6","-99",4,2,12,1,1,1,4,2,3,3,4,4,3,5,1,4,3,2,6,"4","-99","1,5","-99","Nein"
2019-05-31 22:33:03,2019-05-31 22:42:04,541,2019-05-31 22:42:05,"FR",1,0,NA,0,51,7,5,3,1,1,"0","-99","1","0","-99","4","-99","0","-99",4,2,3,2,11,11,4,5,4,4,3,1,2,2,5,1,3,4,6,"4,6","-99","1,4,6","-99","-99"
2019-05-31 23:18:06,2019-05-31 23:23:01,294,2019-05-31 23:23:01,"DE",1,0,NA,0,45,6,4,4,1,1,"0","-99","1","0","-99","1","-99","1","-99",2,1,3,2,2,4,5,3,5,4,3,4,4,3,1,4,6,5,2,"1,2,6","-99","1,6,7","-99","keine"
2019-06-01 00:03:03,2019-06-01 00:08:48,345,2019-06-01 00:08:49,"DE",1,0,NA,0,33,1,4,4,1,1,"-1","-99","1","-1","-99","1","-99","-1","-99",10,2,15,2,3,2,5,1,3,3,3,-1,-1,1,2,3,4,5,6,"1,2","-99","4,5,6","-99","-99"
2019-06-01 00:09:36,2019-06-01 00:14:32,296,2019-06-01 00:14:33,"DE",1,0,NA,0,27,6,1,4,1,1,"2","-99","1","0","-99","1,3,4,7","-99","1,6","-99",4,2,7,2,4,5,5,6,5,5,4,5,3,2,5,3,4,6,1,"1,2,6","-99","1,6","-99","-99"
2019-06-01 00:14:30,2019-06-01 00:25:03,633,2019-06-01 00:25:04,"DE",1,0,NA,0,36,1,1,3,1,1,"0","-99","1","0","-99","1,2,4,6","-99","0","-99",1,1,2,2,2,11,3,2,2,2,2,2,2,2,5,3,4,6,1,"4,6,7","-99","1,4,5","-99","-99"
2019-06-01 01:24:00,2019-06-01 01:37:21,801,2019-06-01 01:37:22,"DE",1,0,NA,1,59,25,1,4,1,1,"1,3,6,7,8","-99","0","0","-99","1,2,4","-99","1","-99",1,2,1,2,2,2,3,1,1,1,1,1,1,2,3,4,5,6,1,"1,5,8","Reichweite bis 2000 km","1,2","-99","-99"
2019-06-01 01:46:45,2019-06-01 02:01:55,909,2019-06-01 02:01:56,"DE",1,0,NA,0,31,4,2,6,1,1,"1,2","-99","1","0","-99","2,3,4,8","-99","1","-99",5,1,45,1,2,4,4,3,1,2,3,2,2,2,6,1,4,5,3,"2,3,6","-99","1,2,9","Batterien sind auch nicht imweltfreundlich","-99"
2019-06-01 03:18:14,2019-06-01 03:22:50,276,2019-06-01 03:22:51,"DE",1,0,NA,1,48,18,1,3,1,1,"0","-99","1","0","-99","1","-99","0","-99",1,1,5,2,5,10,3,3,2,1,2,1,1,2,3,4,5,6,1,"1,4,7","-99","1,2","-99","-99"
2019-06-01 08:47:09,2019-06-01 08:54:18,428,2019-06-01 08:54:18,"DE",1,0,NA,1,62,1,2,-2,1,1,"2,6","-99","1","6","-99","1,2,4,8","-99","5","-99",2,2,4,2,5,4,3,3,2,2,2,2,2,1,5,2,3,4,6,"1,2,3","-99","3,5,6","-99","-99"
2019-06-01 08:47:49,2019-06-01 08:55:49,479,2019-06-01 08:55:49,"DE",1,0,NA,1,42,1,3,3,1,1,"0","-99","2","0","-99","2,4","-99","0","-99",2,1,26,1,1,10,3,3,1,1,1,1,1,1,5,2,6,3,4,"3,6,7","-99","2,3,6","-99","-99"
2019-06-01 09:47:51,2019-06-01 09:52:06,255,2019-06-01 09:52:07,"DE",1,0,NA,1,37,11,3,6,1,1,"3,6","-99","2","5","-99","3,5","-99","1,2","-99",19,1,14,1,2,4,4,5,3,2,3,3,3,5,4,1,3,2,6,"3,5","-99","4,5","-99","-99"
2019-06-01 09:53:02,2019-06-01 09:56:45,222,2019-06-01 09:56:46,"FR",1,0,NA,1,19,8,1,5,1,1,"1","-99","1","1","-99","1,2,4","-99","1,8,5","-99",10,1,9,1,11,4,4,9,5,4,5,4,3,2,4,5,1,3,6,"1,3,4","-99","2,4,5","-99","Sehr gut"
2019-06-01 09:54:05,2019-06-01 10:01:10,425,2019-06-01 10:01:11,"EN-GB",1,0,NA,0,36,21,3,2,1,1,"7","-99","1","7","-99","2,4,7,8","-99","6","-99",2,1,2,2,3,2,5,3,5,5,5,5,5,1,5,4,2,3,6,"1,3,4","-99","1,3,7","-99","-99"
2019-06-01 10:04:27,2019-06-01 10:09:05,278,2019-06-01 10:09:06,"DE",1,0,NA,0,33,1,1,2,1,1,"0","-99","1","0","-99","0","-99","0","-99",1,1,2,1,-1,-1,1,4,2,-1,-1,-1,4,4,2,1,3,5,6,"6","-99","2,6,7","-99","-99"
2019-06-01 10:20:08,2019-06-01 10:31:01,653,2019-06-01 10:31:02,"DE",1,0,NA,1,68,25,3,3,1,1,"1,3","-99","1","0","-99","1,2,4","-99","1","-99",9,1,46,1,6,11,4,5,3,1,4,2,1,2,3,1,6,5,4,"1,4,7","-99","1,6,8","-99","-99"
2019-06-01 10:28:52,2019-06-01 10:35:03,370,2019-06-01 10:35:05,"DE",1,0,NA,0,23,6,4,7,1,1,"6,7","-99","2","0","-99","1,2,4,6","-99","1,5","-99",7,1,16,1,1,1,5,9,5,4,4,4,4,1,3,2,4,5,6,"1,4,6","-99","1,2,3","-99","-99"
2019-06-01 10:32:18,2019-06-01 10:36:59,281,2019-06-01 10:37:00,"DE",1,0,NA,0,52,19,2,2,1,1,"0","-99","1","0","-99","2,4,8","-99","1","-99",20,1,15,1,2,8,5,1,3,3,1,1,1,1,2,4,5,3,6,"5,6,7","-99","1,3,4","-99","-99"
2019-06-01 11:08:44,2019-06-01 11:14:24,340,2019-06-01 11:14:24,"DE",1,0,NA,1,64,6,2,5,1,1,"0","-99","2","0","-99","0","-99","0","-99",1,1,15,1,6,5,1,1,1,1,1,1,1,2,4,3,5,6,1,"4,5,6","-99","1","-99","-99"
2019-06-01 12:19:34,2019-06-01 12:26:32,418,2019-06-01 12:26:33,"DE",1,0,NA,0,42,1,2,3,1,1,"3","-99","1","0","-99","4","-99","1,4","-99",9,1,4,2,2,11,2,3,2,2,2,2,2,1,5,2,4,3,6,"6,7","-99","1,3,7","-99","Ich bin derzeit der Ansicht, dass die Technologie, zu der ich befragt wurde, nicht genug ausgereift ist für die breite Masse. Dennoch betrachte ich sie als Zukunft."
2019-06-01 12:21:07,2019-06-01 12:27:03,356,2019-06-01 12:27:04,"FR",1,0,NA,1,61,11,1,1,1,1,"0","-99","1","0","-99","9","cash gekauft","1","-99",1,1,12,1,-1,-1,1,3,-1,-1,-1,-1,-1,1,2,3,4,5,6,"8","cheise","9","cheise","elektroauto ist cheise"
2019-06-01 12:12:42,2019-06-01 12:28:17,934,2019-06-01 12:28:18,"DE",1,0,NA,1,43,6,4,5,1,1,"1","-99","1","0","-99","1,2,4","-99","1","-99",2,1,10,1,1,10,4,6,4,4,5,3,4,1,4,2,5,3,6,"2,3,4","-99","1,2,5","-99","-99"
2019-06-01 12:14:20,2019-06-01 12:33:16,1135,2019-06-01 12:33:17,"IT",1,0,NA,1,67,20,2,2,1,1,"0","-99","1","1","-99","1","-99","0","-99",1,1,1,1,-1,-1,4,15,1,1,2,2,2,1,3,6,4,5,2,"3,4","-99","4,6","-99","-99"
2019-06-01 12:33:51,2019-06-01 12:43:04,552,2019-06-01 12:43:04,"DE",1,0,NA,1,54,19,1,4,1,1,"0","-99","1","0","-99","2,4","-99","6","-99",10,1,20,1,6,1,5,2,1,1,2,2,1,4,3,5,1,6,2,"1,4,7","-99","1,5,6","-99","-99"
2019-06-01 13:05:33,2019-06-01 13:14:09,515,2019-06-01 13:14:10,"DE",1,0,NA,1,64,1,2,4,1,1,"0","-99","2","0","-99","0","-99","6","-99",39,1,12,2,8,9,3,5,3,1,4,1,1,1,6,2,3,4,5,"1,3,4","-99","1,2,3","-99","-99"
2019-06-01 13:28:37,2019-06-01 13:36:01,443,2019-06-01 13:36:02,"DE",1,0,NA,1,37,6,4,4,1,1,"0","-99","2","0","-99","1","-99","1","-99",3,1,12,1,2,6,3,2,2,2,3,3,4,5,4,3,2,1,6,"1,6,7","-99","1,2,4","-99","-99"
2019-06-01 13:44:42,2019-06-01 13:51:00,378,2019-06-01 13:51:00,"FR",1,0,NA,0,19,7,4,2,1,1,"0","-99","2","0","-99","1,6","-99","6","-99",26,1,3,2,8,-1,2,1,3,4,3,2,4,3,4,5,2,1,6,"2,3,4","-99","1,3,5","-99","-99"
2019-06-01 14:14:38,2019-06-01 14:18:06,208,2019-06-01 14:18:06,"IT",1,1,0,1,71,20,2,5,1,1,"1,8","-99","2","1","-99","2","-99","8","-99",9,1,12,1,3,4,4,3,3,3,3,1,5,1,6,5,4,3,2,"2","-99","6","-99","zyi"
2019-06-01 14:03:38,2019-06-01 14:24:27,1249,2019-06-01 14:24:28,"FR",1,1,0,0,51,23,2,3,1,1,"0","-99","1","0","-99","1,4,8","-99","0","-99",1,2,3,2,1,6,4,3,2,2,2,2,2,2,3,4,5,6,1,"1,4,6","-99","4,6,8","-99","-99"
2019-06-01 14:16:00,2019-06-01 14:32:25,984,2019-06-01 14:32:27,"FR",1,0,NA,0,47,7,4,5,1,1,"1","-99","1","6","-99","3","-99","1","-99",1,2,3,2,6,7,5,3,2,1,3,2,2,2,5,1,4,3,6,"1,2,4","-99","4","-99","J'aimerais acheter une voiture électrique mais trop cher et pas de rechargement pratique vu que j'ai une place de parc dans un parking sous terrain"
2019-06-01 14:49:53,2019-06-01 15:00:45,651,2019-06-01 15:00:46,"FR",1,0,NA,0,38,7,2,-2,1,1,"0","-99","1","6","-99","2","-99","-1","-99",1,2,1,2,11,8,2,1,1,1,1,1,1,6,5,2,4,3,1,"1,3,4","-99","6","-99","-99"
2019-06-01 16:05:20,2019-06-01 16:14:56,576,2019-06-01 16:14:57,"DE",1,0,NA,1,62,1,2,4,1,1,"0","-99","2","0","-99","1,2","-99","1","-99",6,1,10,2,3,9,2,7,1,3,3,3,3,2,5,1,3,4,6,"5,6,7","-99","4,6,8","-99","-99"
2019-06-01 15:47:16,2019-06-01 16:16:29,1752,2019-06-01 16:16:30,"FR",1,0,NA,0,44,18,3,3,1,1,"1,3","-99","1","0","-99","2,3,4,8","-99","1","-99",2,1,6,2,8,6,2,4,2,1,2,1,2,1,3,5,4,6,2,"5","-99","4,6","-99","-99"
2019-06-01 16:05:35,2019-06-01 16:34:23,1727,2019-06-01 16:34:23,"DE",1,0,NA,1,19,25,1,5,1,1,"2","-99","1","5","-99","3","-99","3","-99",2,1,7,1,6,7,3,6,2,2,3,2,2,1,2,3,4,5,6,"1,2","-99","1,2","-99","-99"
2019-06-01 16:53:32,2019-06-01 16:58:24,292,2019-06-01 16:58:25,"DE",1,0,NA,0,28,12,1,6,1,1,"1,2,3,4,5,6,7","-99","1","7","-99","2,3,6","-99","1","-99",20,1,35,1,2,-1,5,3,3,3,4,4,3,3,2,5,1,4,6,"3,4,7","-99","1,2,4","-99","-99"
2019-06-01 16:59:14,2019-06-01 17:10:33,679,2019-06-01 17:10:34,"DE",1,0,NA,1,50,6,4,4,1,1,"6","-99","1","0","-99","2","-99","6","-99",1,2,2,2,1,5,3,1,4,5,4,3,4,6,2,3,5,4,1,"1,3,4","-99","6,8","-99","-99"
2019-06-01 18:08:36,2019-06-01 18:12:50,253,2019-06-01 18:12:51,"DE",1,0,NA,1,38,10,2,9,1,1,"4","-99","2","3,4","-99","1","-99","6","-99",5,1,16,1,8,7,5,5,5,5,5,5,5,1,3,2,5,4,6,"1,2","-99","2","-99","Super"
2019-06-01 18:10:11,2019-06-01 18:16:55,404,2019-06-01 18:16:56,"FR",1,1,0,0,54,24,1,2,1,1,"0","-99","2","0","-99","0","-99","0","-99",1,1,2,2,4,4,1,1,1,1,1,1,1,5,6,2,4,3,1,"4","-99","4,5,6","-99","Nein"
2019-06-01 18:16:06,2019-06-01 18:24:08,482,2019-06-01 18:24:09,"FR",1,0,NA,1,50,6,5,9,1,1,"1,2,3,5,7","-99","3","2,5,8","-99","1,3,5","-99","1,2","-99",20,1,11,1,2,2,5,6,5,5,5,5,5,5,4,1,2,3,6,"1,2,3","-99","1,2,3","-99","-99"
2019-06-01 18:30:42,2019-06-01 18:45:38,896,2019-06-01 18:45:39,"DE",1,0,NA,1,50,6,3,3,1,1,"6","-99","3","6","-99","2,4","-99","0","-99",5,1,25,1,4,6,3,4,2,2,3,3,1,2,4,1,5,3,6,"7","-99","1,5,6","-99","Interessante Umfrage! Ausnahsweise mal!"
2019-06-01 19:13:17,2019-06-01 19:28:49,932,2019-06-01 19:28:50,"DE",1,0,NA,0,35,25,1,4,1,1,"1,6","-99","0","0","-99","1,2,4,8","-99","1,3","-99",2,2,65,2,2,2,4,3,5,3,5,3,3,2,5,1,3,4,6,"1,2,4","-99","1,2,5","-99","-99"
2019-06-01 20:01:45,2019-06-01 20:13:51,725,2019-06-01 20:13:52,"DE",1,0,NA,0,30,25,2,-2,1,1,"0","-99","0","0","-99","2,3","-99","1,4","-99",22,1,9,1,2,11,1,1,1,2,3,1,1,6,5,2,4,3,1,"1,3,6","-99","1,3,4","-99","-99"
2019-06-01 22:01:04,2019-06-01 22:05:33,269,2019-06-01 22:05:34,"FR",1,1,0,1,49,23,3,4,1,1,"1,2,3,5,6,7,8","Trolley Bus","2","8","Diesel","8","-99","6","-99",45,1,8,2,11,11,5,15,5,5,5,5,5,2,3,1,5,4,6,"1","-99","1","-99","Excellent"
2019-06-01 22:06:58,2019-06-01 22:13:17,379,2019-06-01 22:13:18,"EN-GB",1,1,0,0,44,7,3,5,1,1,"0","-99","2","0","-99","1,2,4","-99","0","-99",1,1,61,1,-1,-1,3,2,3,3,3,3,3,2,4,3,5,6,1,"1","-99","3,4,6","-99","-99"
2019-06-01 22:44:47,2019-06-01 22:51:54,426,2019-06-01 22:51:55,"DE",1,0,NA,0,20,1,4,8,1,1,"0","-99","2","0","-99","2,3,4,8","-99","6","-99",12,1,3,2,1,4,3,4,4,4,3,1,3,4,1,3,5,2,6,"1,6,7","-99","1,6,8","-99","-99"
2019-06-01 22:50:16,2019-06-01 22:58:29,493,2019-06-01 22:58:30,"DE",1,0,NA,1,30,6,3,3,1,1,"2","-99","1","0","-99","2,4","-99","1","-99",2,1,3,2,1,4,3,3,1,1,3,1,1,2,4,1,3,5,6,"1,3,7","-99","1,3,6","-99","-99"
2019-06-01 23:52:39,2019-06-02 00:02:40,600,2019-06-02 00:02:40,"DE",1,0,NA,0,52,6,2,-2,1,1,"0","-99","0","0","-99","2,3,4,8","-99","1","-99",4,1,3,1,1,2,3,1,1,1,1,1,1,2,5,3,6,4,1,"1,2,4","-99","2,3,6","-99","-99"
2019-06-02 02:48:04,2019-06-02 02:55:58,473,2019-06-02 02:55:58,"DE",1,0,NA,0,43,4,6,4,1,1,"8","-99","1","8","-99","1","-99","1","-99",1,1,4,2,4,2,4,2,4,-1,-1,-1,-1,1,2,3,5,4,6,"1,7","-99","9","-99","-99"
2019-06-02 03:40:30,2019-06-02 03:47:47,437,2019-06-02 03:47:48,"DE",1,0,NA,1,43,25,1,4,1,1,"1,2,5","-99","1","8","diesel","2,4,8","-99","5","-99",20,1,20,1,6,6,4,2,3,3,4,3,3,5,2,1,3,4,6,"1,3,7","-99","1,2,3","-99","hoffe ergiebige umfrageergebnisse."
2019-06-02 09:21:15,2019-06-02 09:29:50,514,2019-06-02 09:29:50,"DE",1,0,NA,1,25,21,7,5,1,1,"1","-99","3","3","-99","4,8","-99","6","-99",12,1,20,2,3,3,4,8,2,5,5,3,5,5,4,3,2,1,6,"1,3,4","-99","2,4","-99","-99"
2019-06-02 12:40:53,2019-06-02 12:44:03,189,2019-06-02 12:44:04,"FR",1,0,NA,1,26,13,4,4,1,1,"4","-99","3","6","-99","3","-99","4","-99",3,2,11,2,10,10,4,11,5,4,4,4,5,1,2,3,5,4,6,"2","-99","2,3","-99","nichts"
2019-06-02 13:04:16,2019-06-02 13:10:43,386,2019-06-02 13:10:43,"DE",1,0,NA,1,32,4,2,5,1,1,"1,2","-99","1","2","-99","2,3,4","-99","1","-99",10,1,33,1,-1,-1,4,5,4,3,4,3,3,1,4,2,3,5,6,"1,6,7","-99","1,2,3","-99","-99"
2019-06-02 13:37:57,2019-06-02 13:43:40,343,2019-06-02 13:43:41,"FR",1,0,NA,1,25,8,5,5,1,1,"2,4,5","-99","2","2,5","-99","1,3,7","-99","1,4","-99",9,2,4,2,4,8,4,5,3,3,2,3,3,2,1,4,3,5,6,"2,4","-99","1,6","-99","sehr interessant"
2019-06-02 13:53:34,2019-06-02 13:56:52,197,2019-06-02 13:56:52,"DE",1,0,NA,1,28,6,3,3,1,1,"6,7","-99","1","6","-99","3,6","-99","2,5","-99",6,1,6,2,7,5,5,5,4,3,4,3,3,1,3,4,2,5,6,"3,6","-99","3,5","-99","---"
2019-06-02 14:31:10,2019-06-02 14:40:32,562,2019-06-02 14:40:33,"FR",1,0,NA,1,46,7,1,3,1,1,"6","-99","1","6","-99","0","-99","0","-99",1,1,40,1,1,11,4,3,2,2,2,2,2,1,6,3,4,5,2,"2,3,6","-99","1,6,8","-99","-99"
2019-06-02 15:32:11,2019-06-02 15:38:29,377,2019-06-02 15:38:30,"IT",1,1,0,1,32,20,3,3,1,1,"0","-99","1","1","-99","1","-99","6","-99",1,1,2,2,6,6,5,1,-1,-1,1,3,2,4,3,5,1,2,6,"1","-99","2","-99","-99"
2019-06-02 16:43:50,2019-06-02 16:47:02,192,2019-06-02 16:47:03,"DE",1,5,0,0,30,1,2,2,1,1,"2,3","-99","1","0","-99","1","-99","0","-99",1,1,31,2,2,3,4,1,1,1,1,1,1,4,3,1,2,5,6,"1,3,5","-99","1,2,4","-99","-99"
2019-06-02 17:13:47,2019-06-02 17:17:54,247,2019-06-02 17:17:55,"DE",1,0,NA,1,22,24,11,1,1,1,"1","-99","3","8","-99","1","-99","0","-99",3,1,2,2,6,9,3,4,3,3,3,3,-1,1,3,5,2,4,6,"2","-99","2,6","-99","-99"
2019-06-02 19:30:31,2019-06-02 19:35:25,293,2019-06-02 19:35:25,"DE",1,0,NA,1,29,21,4,8,1,1,"1,2","-99","2","1,3","-99","2,4,8","-99","1","-99",4,1,5,2,1,2,4,3,2,1,2,3,2,1,3,2,5,4,6,"4,6,7","-99","1,6,7","-99","-99"
2019-06-02 21:12:35,2019-06-02 21:16:07,212,2019-06-02 21:16:08,"DE",1,0,NA,1,20,6,3,5,1,1,"1,3","-99","2","8","Benzin-Auto","2,3,5,6","-99","2,8,4","-99",15,1,6,1,10,8,5,8,5,5,5,5,5,5,1,3,2,4,6,"1,2,4","-99","1,2,3","-99","Gute Umfrage für den Zeitvertreib."
2019-06-02 22:12:40,2019-06-02 22:21:18,518,2019-06-02 22:21:19,"DE",1,0,NA,1,29,6,1,5,1,1,"1","-99","1","0","-99","2,4","-99","6","-99",5,2,4,2,3,11,5,4,4,4,4,4,4,3,1,2,4,5,6,"5,6,7","-99","1,2,3","-99","-99"
2019-06-02 23:20:50,2019-06-02 23:27:58,427,2019-06-02 23:27:58,"DE",1,0,NA,1,44,1,2,9,1,1,"0","-99","2","0","-99","2,3,4","-99","1","-99",1,1,1,2,1,-1,3,4,4,3,3,4,5,1,3,2,4,5,6,"1,6,7","-99","1,6","-99","-99"
2019-06-03 09:17:30,2019-06-03 09:21:48,258,2019-06-03 09:21:49,"DE",1,0,NA,1,24,25,2,1,1,1,"7","-99","1","1","-99","1","-99","5","-99",1,1,8,1,1,1,5,3,5,5,4,4,5,1,2,4,3,5,6,"2","-99","1","-99","-99"
2019-06-03 10:41:29,2019-06-03 10:45:29,239,2019-06-03 10:45:30,"DE",1,0,NA,1,35,2,3,9,1,1,"1,2,3,4,5,6,7","-99","1","1,2,3,4,5,6,7","-99","1,2,3,4,5,6,7,8","-99","1,2,8,3,4,5,6","-99",106,1,106,1,10,10,5,14,5,5,5,5,5,2,1,3,4,5,6,"1,2,3","-99","1,2,3","-99","CDFGHJK"
2019-06-03 12:13:28,2019-06-03 12:19:46,377,2019-06-03 12:19:47,"DE",1,0,NA,0,37,3,3,9,1,1,"1,2,3,4,5,6,7","-99","1","1,2,3,4,5,6,7","-99","1,2,3,4,5,6,7,8","-99","1,2,8,3,4,5,6","-99",110,1,88,1,10,10,5,14,5,5,5,5,5,1,2,3,4,5,6,"1,2,3","-99","1,2,3","-99","Vielen Dank"
2019-06-03 12:16:41,2019-06-03 12:23:22,401,2019-06-03 12:23:23,"DE",1,0,NA,1,68,1,2,2,1,1,"0","-99","1","0","-99","1,4","-99","0","-99",1,1,1,1,3,9,5,4,1,1,1,1,1,2,4,3,5,6,1,"5,6,7","-99","1,3,6","-99","-99"
2019-06-03 13:15:41,2019-06-03 13:24:15,513,2019-06-03 13:24:16,"DE",1,0,NA,0,36,2,3,9,1,1,"1,2,3,4,5,6,7","-99","1","1,2,3,4,5,6,7","-99","1,2,3,4,5,6,7,8","-99","1,2,8,3,4,5,6","-99",110,1,105,1,10,10,4,15,5,5,5,5,5,1,2,3,4,5,6,"1,2,3","-99","3,4,6","-99","Vielen Dank"
2019-06-03 13:51:41,2019-06-03 13:55:36,234,2019-06-03 13:55:36,"DE",1,0,NA,1,53,1,3,4,1,1,"2","-99","1","5","-99","1","-99","1,2","-99",3,2,3,2,1,2,1,1,3,3,3,3,3,5,1,6,4,2,3,"2","-99","2,8","-99","-99"
2019-06-03 14:20:12,2019-06-03 14:24:16,243,2019-06-03 14:24:17,"DE",1,0,NA,0,37,18,2,3,1,1,"2","-99","1","8","Benzin","0","-99","1","-99",5,1,1,1,-1,-1,5,5,4,4,4,3,3,2,1,4,3,5,6,"3,4","-99","2,5,6","-99","-99"
2019-06-03 14:20:00,2019-06-03 14:29:13,552,2019-06-03 14:29:13,"EN-GB",1,1,0,0,26,6,6,-2,1,1,"1","-99","1","0","-99","2,4","-99","1","-99",2,2,16,1,2,10,4,2,3,1,-1,1,1,1,5,2,3,4,6,"1,3,4","-99","1,2,6","-99","-99"
2019-06-03 14:01:57,2019-06-03 14:32:52,1854,2019-06-03 14:32:52,"DE",1,0,NA,0,55,25,2,8,1,1,"4","-99","1","4","-99","2,4","-99","1","-99",1,2,8,2,1,-1,3,6,1,1,3,3,2,2,3,1,5,4,6,"1,2,3","-99","3,6,8","-99","-99"
2019-06-03 14:41:47,2019-06-03 14:44:56,189,2019-06-03 14:44:57,"DE",1,0,NA,0,35,3,3,9,1,1,"1,2,3,4,5,6,7","-99","1","1,2,3,4,5,6,7","-99","1,2,3,4,5,6,7,8","-99","1,2,8,3,4,5,6","-99",109,1,35,1,10,10,5,14,4,5,5,5,5,1,2,3,4,5,6,"1,2,3","-99","1,2,3","-99","Vielen Dank"
2019-06-03 14:52:26,2019-06-03 14:58:40,374,2019-06-03 14:58:41,"DE",1,0,NA,1,21,25,2,5,1,1,"1,5,6,7","-99","1","0","-99","2,4,8","-99","6","-99",3,2,3,2,2,6,4,2,4,4,4,3,3,2,3,1,4,5,6,"5,6,7","-99","1,4,7","-99","Elektroautos werden immer mehr populär"
2019-06-03 14:55:35,2019-06-03 15:03:55,500,2019-06-03 15:03:56,"FR",1,0,NA,1,54,6,3,8,1,1,"2,6","-99","1","2","-99","1,7","-99","1","-99",3,1,3,2,8,8,4,3,3,3,3,2,2,6,4,1,3,5,2,"1,6,7","-99","1,2","-99","kein"
2019-06-03 15:09:56,2019-06-03 15:25:21,924,2019-06-03 15:25:21,"DE",1,0,NA,0,35,3,3,9,1,1,"1,2,3,4,5,6,7","-99","1","1,2,3,4,5,6,7","-99","1,2,3,4,5,6,7,8","-99","1,2,8,3,4,5,6","-99",110,1,48,1,10,9,5,14,4,5,5,5,5,1,2,3,4,5,6,"1,2,5","-99","1,2,3","-99","Vielen Dank"
2019-06-03 15:14:01,2019-06-03 15:25:43,702,2019-06-03 15:25:44,"DE",1,0,NA,0,36,2,3,9,1,1,"1,2,3,4,5,6,7","-99","1","1,2,3,4,5,6,7","-99","1,2,3,4,5,6,7,8","-99","1,2,8,3,4,5,6","-99",42,1,37,1,10,10,5,14,5,5,4,4,5,1,2,3,4,5,6,"1,2,3","-99","1,2,3","-99","Vielen Dank"
2019-06-03 15:27:06,2019-06-03 15:31:55,289,2019-06-03 15:31:56,"DE",1,0,NA,1,52,25,1,-2,1,1,"0","-99","2","0","-99","1,2,4","-99","1","-99",76,1,71,1,-1,-1,-1,1,1,1,1,1,1,1,5,2,3,4,6,"8","-99","9","-99","-99"
2019-06-03 15:30:50,2019-06-03 15:41:33,643,2019-06-03 15:41:34,"DE",1,0,NA,0,36,3,3,9,1,1,"1,2,3,4,5,6,7","-99","1","1,2,3,4,5,6,7","-99","1,2,3,4,5,6,7,8","-99","1,2,8,3,4,5,6","-99",56,1,105,1,8,8,5,13,5,5,5,5,5,1,2,3,4,5,6,"1,2,3","-99","3,4,5","-99","Vielen Dank"
2019-06-03 15:34:20,2019-06-03 15:42:06,465,2019-06-03 15:42:07,"DE",1,0,NA,0,35,4,3,9,1,1,"1,2,3,4,5,6,7","-99","1","1,2,3,4,5,6,7","-99","1,2,3,4,5,6,7,8","-99","1,2,8,3,4,5,6","-99",19,1,41,1,10,9,5,13,5,5,4,5,4,2,1,3,4,5,6,"1,2,3","-99","3,4,5","-99","Vielen Dank"
2019-06-03 15:48:50,2019-06-03 15:56:07,437,2019-06-03 15:56:08,"DE",1,0,NA,0,36,13,3,9,1,1,"1,2,3,4,5,6,7","-99","1","1,2,3,4,5,6,7","-99","1,2,3,4,5,6,7,8","-99","1,2,8,3,4,5,6","-99",19,1,44,1,10,9,5,14,5,5,5,5,5,1,2,3,4,5,6,"1,2,3","-99","1,2,3","-99","Vielen Dank"
2019-06-03 16:32:41,2019-06-03 16:43:42,660,2019-06-03 16:43:43,"DE",1,0,NA,0,35,3,3,9,1,1,"1,2,3,4,5,6,7","-99","1","1,2,3,4,5,6,7","-99","1,2,3,4,5,6,7,8","-99","1,2,8,3,4,5,6","-99",40,1,81,1,10,9,5,14,5,4,5,5,4,1,2,3,4,5,6,"1,2,3","-99","1,2,3","-99","Vielen Dank"
2019-06-03 17:21:00,2019-06-03 17:24:53,232,2019-06-03 17:24:54,"FR",1,0,NA,0,27,23,4,3,1,1,"7","-99","2","6","-99","6","-99","8","-99",64,2,5,2,8,8,3,10,3,3,3,3,5,1,2,4,6,5,3,"4","-99","8","-99","removed: personal data"
2019-06-03 18:12:58,2019-06-03 18:17:49,291,2019-06-03 18:17:50,"DE",1,0,NA,1,28,6,4,4,1,1,"5,6,7","-99","1","6","-99","3,6","-99","8,5","-99",5,2,3,2,8,8,4,7,4,4,5,4,3,1,3,5,4,6,2,"3","-99","8","-99","ok"
2019-06-03 18:25:55,2019-06-03 18:30:41,286,2019-06-03 18:30:42,"FR",1,0,NA,1,38,23,3,5,1,1,"2","-99","2","2,8","-99","1","-99","1","-99",4,1,5,1,6,6,4,4,3,3,3,3,4,3,1,2,4,5,6,"2","-99","1,4,6","-99","-99"
2019-06-03 19:54:18,2019-06-03 19:57:46,207,2019-06-03 19:57:47,"DE",1,0,NA,1,19,6,1,2,1,1,"1","-99","1","4","-99","2","-99","8","-99",2,1,5,1,6,1,1,1,4,5,1,3,1,5,1,3,2,6,4,"1","-99","1","-99","-99"
2019-06-03 20:03:21,2019-06-03 20:11:32,491,2019-06-03 20:11:33,"DE",1,0,NA,1,37,25,1,7,1,1,"1,2,3,7","-99","1","8","Benziner","1,2,3,4","-99","1","-99",3,2,3,2,4,11,4,3,4,3,4,3,3,1,5,2,3,4,6,"3,6,7","-99","1,2,3","-99","-99"
2019-06-03 20:14:32,2019-06-03 20:35:28,1255,2019-06-03 20:35:28,"DE",1,0,NA,0,27,21,3,4,1,1,"4","-99","1","3","-99","3","-99","8","-99",2,1,4,1,2,2,4,4,4,4,4,2,4,1,2,3,5,4,6,"3","-99","3","-99","sdgffdgdfh"
2019-06-03 23:20:33,2019-06-03 23:23:24,171,2019-06-03 23:23:25,"FR",1,0,NA,0,32,23,5,3,1,1,"4","-99","2","3","-99","4,6","-99","2,4","-99",4,1,4,1,4,5,3,4,5,2,4,3,1,2,3,1,4,5,6,"3","-99","4","-99","je ne sais pas"
2019-06-04 00:36:33,2019-06-04 00:39:36,182,2019-06-04 00:39:37,"DE",1,0,NA,1,45,14,1,3,1,1,"1","-99","1","1","-99","3","-99","5","-99",4,1,5,1,4,4,4,4,5,5,4,4,3,4,5,1,2,3,6,"2,4","-99","1,2","-99","Keine Bemerkung"
2019-06-04 00:16:38,2019-06-04 01:27:44,4266,2019-06-04 01:27:45,"DE",1,0,NA,1,49,18,1,2,1,1,"1,6","-99","1","6","-99","2,4,8,9","Borgen von Freunden","1","-99",3,1,5,1,-1,-1,4,2,3,3,4,3,3,1,3,2,4,5,6,"1,2,4","-99","1,2,4","-99","-99"
2019-06-04 03:45:59,2019-06-04 03:50:15,256,2019-06-04 03:50:16,"EN-GB",1,0,NA,1,34,17,3,4,1,1,"1","-99","1","1","-99","3","-99","2","-99",7,1,12,1,4,5,5,8,5,5,5,5,5,3,1,2,4,5,6,"2","-99","2","-99","mbmbn"
2019-06-04 04:04:52,2019-06-04 04:08:55,243,2019-06-04 04:08:56,"EN-GB",1,0,NA,1,34,14,3,6,1,1,"1","-99","1","1","-99","1","-99","1","-99",8,1,7,1,4,5,5,6,5,5,5,5,5,1,2,3,4,5,6,"1","-99","1","-99","jhjh"
2019-06-04 05:45:42,2019-06-04 05:50:37,295,2019-06-04 05:50:38,"DE",1,0,NA,0,35,4,3,9,1,1,"1,2,3,4,5,6,7","-99","1","1,2,3,4,5,6,7","-99","1,2,3,4,5,6,7,8","-99","1,2,8,3,4,5,6","-99",110,1,43,1,10,10,5,14,5,5,5,5,5,1,2,3,4,5,6,"1,2,3","-99","4,7,8","-99","Vielen Dank"
2019-06-04 08:08:42,2019-06-04 08:15:12,390,2019-06-04 08:15:13,"DE",1,0,NA,1,20,6,2,3,1,1,"2,5,6","-99","2","0","-99","1,2,4,6","-99","1","-99",11,1,101,1,2,2,4,7,4,3,3,4,3,1,5,2,4,3,6,"2,5,6","-99","2,6,8","-99","-99"
2019-06-04 09:24:50,2019-06-04 09:32:10,440,2019-06-04 09:32:11,"FR",1,1,0,1,26,13,2,2,1,1,"-1","-99","2","-1","-99","2","-99","0","-99",11,1,11,1,-1,-1,2,1,3,3,2,3,-1,1,5,3,2,4,6,"2,4","-99","1,5","-99","-99"
2019-06-04 10:35:24,2019-06-04 10:39:19,235,2019-06-04 10:39:20,"DE",1,0,NA,1,20,6,5,7,1,1,"0","-99","0","0","-99","2,4","-99","1","-99",11,1,1,1,1,1,1,3,4,1,3,4,5,2,3,5,4,1,6,"3,4,5","-99","4,5,7","-99","-99"
2019-06-04 11:42:17,2019-06-04 11:52:46,629,2019-06-04 11:52:47,"DE",1,0,NA,1,54,1,2,3,1,1,"3","-99","1","6","-99","2,4,8","-99","0","-99",1,2,4,2,10,10,5,2,3,3,1,1,1,5,4,1,3,2,6,"1,2,3","-99","1,2,4","-99","-99"
2019-06-04 11:52:57,2019-06-04 12:03:59,662,2019-06-04 12:04:00,"DE",1,0,NA,1,67,25,2,6,1,1,"1","-99","1","2","-99","1,2,3,4,6","-99","6","-99",3,2,14,1,7,6,5,4,4,3,5,5,4,2,3,1,4,5,6,"1,4,5","-99","1,5,6","-99","-99"
2019-06-04 12:07:24,2019-06-04 12:18:06,641,2019-06-04 12:18:06,"DE",1,0,NA,1,32,25,4,8,1,1,"1","-99","1","3","-99","3,4","-99","8,3","-99",15,2,16,2,5,6,5,10,5,5,5,5,5,2,4,1,5,3,6,"1,3,5","-99","2,4,5","-99","-99"
2019-06-04 12:27:22,2019-06-04 12:33:49,386,2019-06-04 12:33:50,"DE",1,0,NA,1,31,9,1,4,1,1,"0","-99","1","0","-99","3","-99","1","-99",10,1,25,1,1,2,4,3,2,4,4,5,3,3,4,2,1,5,6,"1,3,7","-99","1,3,4","-99","-99"
2019-06-04 15:40:53,2019-06-04 15:50:23,570,2019-06-04 15:50:24,"DE",1,0,NA,1,32,4,3,9,1,1,"1","-99","3","1","-99","1,4","-99","1,7","U-Abo",3,2,3,2,1,1,3,2,3,3,3,3,4,1,5,4,3,2,6,"1,2,4","-99","3,4,5","-99","War nicht schlecht"
2019-06-04 19:08:46,2019-06-04 19:16:46,479,2019-06-04 19:16:46,"DE",1,0,NA,1,46,1,1,3,1,1,"6","-99","1","0","-99","2,3,4,8","-99","1,4","-99",6,1,19,1,1,11,2,2,2,2,2,1,1,2,6,3,4,5,1,"1,5,7","-99","2,3,6","-99","-99"
2019-06-04 19:21:24,2019-06-04 19:25:07,222,2019-06-04 19:25:07,"DE",1,0,NA,1,31,6,3,3,1,1,"1,2,4,5,7","-99","1","5,6","-99","3,5,7","-99","8,4","-99",7,1,13,1,7,10,2,7,4,4,3,4,4,1,4,5,3,2,6,"3,4,6","-99","3,4,6","-99","---"
2019-06-04 20:01:44,2019-06-04 20:12:34,650,2019-06-04 20:12:35,"DE",1,0,NA,1,41,1,2,7,1,1,"0","-99","2","0","-99","2,4","-99","1","-99",3,1,20,1,2,3,4,1,2,2,3,2,2,2,5,1,4,6,3,"6,7","-99","1,8","-99","-99"
2019-06-04 20:28:41,2019-06-04 20:33:40,298,2019-06-04 20:33:41,"IT",1,1,0,0,41,20,5,-2,1,1,"3","-99","2","3","-99","1","-99","7","-99",4,2,4,2,1,1,3,2,3,3,3,4,4,1,2,3,4,5,6,"3,5","-99","3,5,7","-99","-99"
2019-06-04 20:48:42,2019-06-04 20:51:46,183,2019-06-04 20:51:47,"IT",1,0,NA,0,26,20,3,5,1,1,"1","-99","2","1","-99","1","-99","6","-99",40,1,3,2,3,7,3,1,3,3,3,3,3,1,4,3,5,2,6,"2","-99","1","-99","-99"
2019-06-04 21:01:06,2019-06-04 21:17:16,970,2019-06-04 21:17:17,"DE",1,0,NA,1,51,6,1,9,1,1,"1,6","-99","1","6","-99","2,4","-99","0","-99",4,1,14,1,1,10,5,2,2,2,3,4,3,5,4,1,2,3,6,"1,2,3","-99","1,2,6","-99","-99"
2019-06-04 21:11:51,2019-06-04 21:28:20,988,2019-06-04 21:28:21,"DE",1,0,NA,1,46,10,4,8,1,1,"0","-99","2","0","-99","1,2","-99","7","Halbtags",1,1,45,1,2,5,4,8,4,1,1,1,1,1,5,3,4,6,2,"3,5,6","-99","1,4,5","-99","war alles okay"
2019-06-04 21:31:13,2019-06-04 21:35:15,241,2019-06-04 21:35:16,"DE",1,0,NA,1,22,6,4,7,1,1,"0","-99","2","6,0","-99","-1","-99","4","-99",6,1,21,1,4,6,4,5,5,5,2,2,4,2,3,5,4,6,1,"1,2","-99","4,7","-99","-99"
2019-06-04 21:15:17,2019-06-04 21:36:56,1298,2019-06-04 21:36:57,"DE",1,0,NA,0,23,21,3,5,1,1,"0","-99","2","0","-99","1,4","-99","0","-99",1,1,111,1,-1,-1,4,2,3,1,4,3,3,1,2,5,4,3,6,"1,2,5","-99","2,6","-99","-99"
2019-06-04 21:20:53,2019-06-04 21:37:08,974,2019-06-04 21:37:08,"FR",1,0,NA,0,53,23,3,4,1,1,"0","-99","1","0","-99","2","-99","1,7","Verbund abo mehrere Zonen im Kanton Waadt",1,2,30,1,1,8,3,1,2,2,2,2,2,3,4,1,2,5,6,"2,3,4","-99","1,2,6","-99","-99"
2019-06-04 21:29:30,2019-06-04 21:38:01,511,2019-06-04 21:38:02,"DE",1,0,NA,1,46,6,1,4,1,1,"1,2,3,6","-99","1","0","-99","2","-99","1,4,7","-99",10,1,2,1,2,2,5,2,1,3,3,4,2,5,4,1,2,3,6,"3,4,7","-99","1,4,6","-99","Sehr interessante Befragung auch was für verschiedene Abos angefacht sind"
2019-06-04 21:51:09,2019-06-04 21:55:55,285,2019-06-04 21:55:55,"FR",1,1,0,1,24,24,3,6,1,1,"2","-99","2","2","-99","2","-99","1","-99",1,2,4,2,-1,11,4,1,3,2,4,4,4,2,1,3,4,5,6,"1,6,7","-99","7","-99","-99"
2019-06-04 21:45:50,2019-06-04 22:02:25,994,2019-06-04 22:02:26,"FR",1,0,NA,1,50,23,4,7,1,1,"2,3,4","-99","2","0","-99","0","-99","0","-99",35,1,111,1,8,8,2,1,1,1,1,1,1,6,4,2,3,5,1,"1,4,7","-99","1,4,6","-99","-99"
2019-06-04 21:58:45,2019-06-04 22:05:56,430,2019-06-04 22:05:57,"FR",1,0,NA,1,58,23,2,5,1,1,"0","-99","2","0","-99","0","-99","0","-99",1,1,1,1,3,3,5,2,3,3,5,3,3,4,5,1,3,2,6,"2,4,7","-99","1,4,6","-99","-99"
2019-06-04 22:10:16,2019-06-04 22:18:21,484,2019-06-04 22:18:22,"FR",1,1,0,1,50,23,2,2,1,1,"0","-99","1","0","-99","6","-99","1","-99",5,2,6,2,1,1,4,5,3,3,3,4,3,1,2,3,5,4,6,"2,3,4","-99","1,3,5","-99","-99"
2019-06-04 22:15:23,2019-06-04 22:20:17,294,2019-06-04 22:20:17,"FR",1,0,NA,0,36,23,2,4,1,1,"7","-99","1","1","-99","1","-99","2","-99",5,1,5,2,8,7,3,9,3,3,3,3,3,1,4,5,2,6,3,"2,4","-99","2,4,5","-99","-"
2019-06-04 22:09:11,2019-06-04 22:24:57,946,2019-06-04 22:24:58,"DE",1,0,NA,1,64,22,2,3,1,1,"0","-99","1","6","-99","4,8","-99","0","-99",1,1,4,2,1,2,1,1,1,1,1,1,1,1,2,3,4,5,6,"1,2,4","-99","9","keines","-99"
2019-06-04 22:15:47,2019-06-04 22:25:48,601,2019-06-04 22:25:49,"DE",1,0,NA,1,63,12,2,4,1,1,"1","-99","1","0","-99","2,4","-99","0","-99",3,1,3,2,1,11,4,2,1,1,2,1,2,2,6,3,5,4,1,"1","-99","1","-99","-99"
2019-06-04 22:28:17,2019-06-04 22:33:41,323,2019-06-04 22:33:42,"DE",1,0,NA,1,23,6,4,4,1,1,"1,5","-99","4","6","-99","1","-99","2,7","-99",6,1,6,2,5,6,2,5,1,3,4,5,2,6,2,1,3,5,4,"3","-99","2","-99","Nichts"
2019-06-04 22:34:41,2019-06-04 22:37:59,198,2019-06-04 22:38:00,"DE",1,0,NA,0,21,21,4,7,1,1,"6","-99","1","6","-99","5","-99","6","-99",9,1,1,1,3,1,4,3,3,5,4,2,1,1,5,2,3,4,6,"5,6","-99","5","-99","-99"
2019-06-04 22:59:24,2019-06-04 23:06:36,432,2019-06-04 23:06:37,"DE",1,0,NA,0,45,17,1,4,1,1,"0","-99","1","0","-99","2,4,8","-99","1","-99",4,1,40,1,1,1,1,1,1,1,1,1,1,1,5,2,4,3,6,"1,3,6","-99","1,4,6","-99","-99"
2019-06-05 00:02:31,2019-06-05 00:07:56,325,2019-06-05 00:07:57,"DE",1,0,NA,1,38,1,1,4,1,1,"1,6","-99","1","1,6","-99","1,2,4","-99","1","-99",3,1,1,1,7,6,1,1,3,3,2,3,3,2,5,1,4,3,6,"6,7","-99","1,4","-99","-99"
2019-06-04 23:57:36,2019-06-05 00:13:52,976,2019-06-05 00:13:53,"EN-GB",1,0,NA,0,44,23,4,3,1,1,"1,2,3","-99","2","0","-99","2,4","-99","1","-99",10,1,31,1,1,6,4,8,3,4,2,2,2,2,4,1,5,3,6,"4","-99","1,2","-99","-99"
2019-06-05 00:22:55,2019-06-05 00:29:51,416,2019-06-05 00:29:52,"DE",1,0,NA,0,32,1,7,9,1,1,"1,2,3,4","-99","0","8","-99","2,3,4,6,7,8","-99","1","-99",8,1,5,2,3,9,4,2,2,2,3,3,3,3,2,1,5,4,6,"3,4,6","-99","1,2,3","-99","-99"
2019-06-05 05:06:10,2019-06-05 05:09:14,183,2019-06-05 05:09:15,"FR",1,0,NA,1,55,23,3,2,1,1,"8","diesel","1","8","diesel","1","-99","6","-99",3,1,12,1,3,5,5,4,4,3,5,4,4,1,5,2,4,3,6,"4","-99","4,5","-99","-99"
2019-06-05 06:28:15,2019-06-05 06:32:15,239,2019-06-05 06:32:16,"FR",1,0,NA,1,43,23,3,6,1,1,"6","-99","1","6","-99","1","-99","6","-99",9,1,19,1,5,7,4,4,3,4,5,4,4,5,4,1,3,2,6,"2,4,6","-99","2,3","-99","-99"
2019-06-05 06:38:56,2019-06-05 07:42:34,3817,2019-06-05 07:42:34,"IT",1,0,NA,1,41,25,2,7,1,1,"1,3","-99","0","0","-99","2,3,4","-99","6","-99",4,2,3,2,10,-1,4,3,3,4,3,4,3,2,1,4,3,5,6,"2,3","-99","2,3,4","-99","-99"
2019-06-05 08:04:30,2019-06-05 08:07:41,190,2019-06-05 08:07:42,"FR",1,0,NA,0,23,24,4,1,1,1,"2","-99","3","5","-99","1","-99","1","-99",1,1,1,1,3,1,4,1,2,2,2,4,4,2,4,3,1,6,5,"7","-99","8","-99","Gut"
2019-06-05 08:26:08,2019-06-05 08:37:50,701,2019-06-05 08:37:51,"FR",1,1,0,1,36,11,3,5,1,1,"6","-99","1","0","-99","1","-99","6","-99",3,2,3,2,5,6,3,2,3,3,4,3,3,2,3,1,4,6,5,"4","-99","3,5","-99","-99"
2019-06-05 08:32:33,2019-06-05 08:37:51,318,2019-06-05 08:37:51,"DE",1,0,NA,0,22,25,4,6,1,1,"0","-99","2","0","-99","2,4,8","-99","4","-99",11,1,2,2,4,6,4,6,3,3,4,4,3,2,4,3,1,5,6,"1,4,7","-99","1,3,6","-99","-99"
2019-06-05 08:59:39,2019-06-05 09:07:36,477,2019-06-05 09:07:37,"DE",1,0,NA,0,46,25,4,3,1,1,"0","-99","4","0","-99","2,4","-99","0","-99",1,1,3,2,5,5,3,3,3,3,3,4,2,1,5,2,3,4,6,"1,2,3","-99","1,2,3","-99","-99"
2019-06-05 09:05:28,2019-06-05 09:09:13,224,2019-06-05 09:09:14,"FR",1,0,NA,1,39,24,4,6,1,1,"2","-99","2","2,5","-99","1,2,5","-99","6","-99",6,1,10,1,7,6,4,10,3,2,3,4,5,1,2,3,4,5,6,"4","-99","4,6","-99","-99"
2019-06-05 08:55:49,2019-06-05 09:21:14,1525,2019-06-05 09:21:15,"DE",1,0,NA,0,53,25,3,-2,1,1,"2","-99","2","0","-99","2,4","-99","0","-99",2,1,5,2,2,11,4,2,4,4,5,3,3,5,2,1,4,3,6,"1,3,4","-99","1,4,9","Licium abau","-99"
2019-06-05 09:21:37,2019-06-05 09:26:31,294,2019-06-05 09:26:32,"DE",1,0,NA,1,31,25,2,4,1,1,"1,6","-99","2","0","-99","4,8","-99","0","-99",1,1,3,1,6,6,3,1,2,1,4,2,2,3,4,1,2,5,6,"2,3,4","-99","1,2,4","-99","-99"
2019-06-05 09:03:17,2019-06-05 09:37:06,2029,2019-06-05 09:37:07,"DE",1,0,NA,1,34,18,2,-2,1,1,"0","-99","0","0","-99","4,6,9","busabo","0","-99",3,1,1,1,-1,-1,-1,1,-1,-1,-1,-1,-1,6,1,2,3,4,5,"1,3,7","-99","1,2,6","-99","-99"
2019-06-05 11:16:37,2019-06-05 11:22:39,361,2019-06-05 11:22:40,"EN-GB",1,1,0,0,24,8,4,3,1,1,"1","-99","2","0","-99","1,2,4","-99","4","-99",1,2,2,2,4,3,1,1,1,1,2,1,1,3,6,2,5,4,1,"5,7","-99","9","Non","-99"
2019-06-05 11:19:23,2019-06-05 11:29:36,613,2019-06-05 11:29:36,"FR",1,0,NA,0,56,25,2,6,1,1,"0","-99","1","6","-99","0","-99","1","-99",3,1,4,2,3,3,4,2,2,3,4,3,2,2,3,4,5,6,1,"1,3,5","-99","1,2,4","-99","-99"
2019-06-05 11:38:09,2019-06-05 11:44:01,352,2019-06-05 11:44:03,"FR",1,0,NA,0,57,23,1,4,1,1,"0","-99","1","0","-99","0","-99","0","-99",1,1,6,1,8,8,3,2,2,1,2,1,1,3,4,1,5,6,2,"6,7","-99","1,4,6","-99","-99"
2019-06-05 11:49:00,2019-06-05 11:58:46,585,2019-06-05 11:58:47,"DE",1,0,NA,0,23,26,2,5,1,1,"0","-99","2","0","-99","1,4","-99","0","-99",1,1,5,2,6,10,1,4,1,1,1,1,1,2,4,3,5,6,1,"2,5,7","-99","1,2,6","-99","-99"
2019-06-05 11:59:07,2019-06-05 12:03:55,287,2019-06-05 12:03:55,"DE",1,0,NA,1,22,6,3,6,1,1,"3,6","-99","1","3","-99","0","-99","6","-99",3,2,3,2,6,5,1,1,1,1,1,1,1,2,3,5,4,6,1,"1,7","-99","3,4,5","-99","-99"
2019-06-05 12:01:53,2019-06-05 12:06:44,291,2019-06-05 12:06:45,"FR",1,0,NA,0,29,23,2,3,1,1,"0","-99","2","0","-99","0","-99","0","-99",1,1,2,2,1,2,4,1,2,2,2,2,2,5,6,2,4,3,1,"4","-99","7","-99","-99"
2019-06-05 12:09:04,2019-06-05 12:12:27,202,2019-06-05 12:12:28,"DE",1,0,NA,1,53,4,4,5,1,1,"0","-99","1","0","-99","1","-99","6","-99",28,1,6,2,7,8,4,7,4,4,4,4,3,4,2,3,5,1,6,"1,6,7","-99","1,2","-99","-99"
2019-06-05 12:03:12,2019-06-05 12:15:56,764,2019-06-05 12:15:57,"DE",1,0,NA,1,39,24,3,6,1,1,"0","-99","1","0","-99","2,4","-99","1","-99",3,1,9,2,2,10,4,4,2,2,2,2,2,2,6,3,4,5,1,"6,7","-99","1,2,8","-99","-99"
2019-06-05 11:38:25,2019-06-05 12:22:27,2642,2019-06-05 12:22:28,"FR",1,5,0,0,21,13,4,5,1,1,"4","-99","1","0","-99","2,4","-99","4","-99",12,1,3,2,4,11,4,2,1,1,2,3,3,2,3,4,5,1,6,"2,4","-99","1,3,6","-99","-99"
2019-06-05 12:44:56,2019-06-05 12:50:30,333,2019-06-05 12:50:31,"DE",1,0,NA,0,23,5,1,2,1,1,"3,6","-99","1","0","-99","1,4","-99","0","-99",1,2,1,2,3,9,2,1,3,1,3,1,4,5,4,3,1,2,6,"5,6,7","-99","2,3,6","-99","-99"
2019-06-05 12:47:48,2019-06-05 12:53:32,344,2019-06-05 12:53:32,"FR",1,0,NA,0,21,24,3,1,1,1,"2,3,4,6","-99","1","1,2,3,4,6","-99","1,2,3,4,7,8","-99","0","-99",3,1,2,1,3,-1,3,2,4,2,3,4,2,4,2,3,1,6,5,"1,4,7","-99","2,7","-99","-99"
2019-06-05 13:06:57,2019-06-05 13:12:18,321,2019-06-05 13:22:25,"FR",1,0,NA,1,23,23,3,1,1,1,"2","-99","1","0","-99","9","Familien","7","Mobilis",16,1,19,1,3,4,4,3,3,4,3,3,4,5,4,3,2,1,6,"2,4","-99","4,7","-99","-99"
2019-06-05 13:04:48,2019-06-05 13:09:35,287,2019-06-05 13:24:38,"FR",1,0,NA,1,45,11,1,-1,1,1,"0","-99","1","0","-99","0","-99","1","-99",3,1,5,1,-1,-1,-1,2,-1,-1,-1,-1,-1,1,2,3,4,5,6,"6","-99","2","-99","-99"
2019-06-05 13:05:32,2019-06-05 13:09:52,260,2019-06-05 13:24:54,"DE",1,0,NA,1,20,6,3,1,1,1,"1,2,6,7","-99","0","0","-99","3","-99","6","-99",11,1,2,1,1,8,4,2,4,2,5,2,5,5,4,1,3,2,6,"1,4,7","-99","1,2","-99","-99"
2019-06-05 14:09:49,2019-06-05 14:14:45,296,2019-06-05 14:14:45,"DE",1,0,NA,0,30,9,1,4,1,1,"6","-99","1","0","-99","2,4","-99","6","-99",50,1,61,1,4,8,3,4,-1,2,3,2,2,2,6,3,5,4,1,"5,6,7","-99","3,4,6","-99","-99"
2019-06-05 14:42:16,2019-06-05 14:48:50,393,2019-06-05 14:48:50,"DE",1,0,NA,0,48,18,2,7,1,1,"1","-99","5","0","-99","2,4","-99","0","-99",1,1,111,1,2,10,1,1,1,1,1,1,1,2,3,4,5,6,1,"5,7","-99","1,8","-99","-99"
